time_sec,phase_id,mode,attack_type,attack_intensity,goodput_mbps,latency_ms,new_connections_per_sec,security_events_per_sec,packet_drop_rate,ids_signature_hits_per_sec,mitigation_cpu_percent
0.0,baseline_warmup,baseline,,0.0,410.36611967291674,18.016598190007294,846.1836820790408,0.1454866727263457,0.00025741953441285685,0.0,13.262760406268464
1.0,baseline_warmup,baseline,,0.0,428.6459728650569,18.561639900578918,812.3791305850156,0.16125005752418078,0.0001746840304160597,0.0,11.68764042335967
2.0,baseline_warmup,baseline,,0.0,440.65093543171076,16.873293937408448,795.7492350993227,0.13733270389316574,0.0002715926403394948,0.0,11.955280589744032
3.0,baseline_warmup,baseline,,0.0,432.82436301355733,17.56814134195841,790.0328692452604,0.1538323516439318,0.00023588855410289016,0.0,11.646379896534764
4.0,baseline_warmup,baseline,,0.0,431.44769259090765,17.291370283695837,872.2850604153576,0.15964547519613137,0.0001663079575404856,0.0,11.211998952378133
5.0,baseline_warmup,baseline,,0.0,415.42403561237165,16.453342990946396,857.753046238157,0.145294390327259,0.00019002622620642673,0.0,11.543280924770377
6.0,baseline_warmup,baseline,,0.0,388.4501648142178,17.201978781337587,812.6402565371078,0.16143174812496586,0.00019443497952862802,0.0,10.609253542716512
7.0,baseline_warmup,baseline,,0.0,426.9001649239433,17.163112910121143,842.1122697745227,0.1445244666393685,0.0001387847305729477,0.0,9.338576597452494
8.0,baseline_warmup,baseline,,0.0,411.44148189017267,17.987387264743486,873.5060430719259,0.1367515618833311,0.00018037438589286732,0.0,11.981070945893679
9.0,baseline_warmup,baseline,,0.0,415.10489718218935,17.371436923080694,883.6695494326636,0.15458240440938312,0.00025489532655236717,0.0,13.40296830739125
10.0,baseline_warmup,baseline,,0.0,435.9268994648332,18.318084846451892,790.8158391173193,0.15809103564805085,0.00023429274527816163,0.0,12.120712822773674
11.0,baseline_warmup,baseline,,0.0,418.6681110901422,17.362706359315904,824.5309553558592,0.16447193233637067,0.00017023286896394706,0.0,8.878920421522961
12.0,baseline_warmup,baseline,,0.0,417.05866686075,17.388491190894364,817.2767718402486,0.15533199784998508,9.792749596055144e-05,0.0,12.339083745218609
13.0,baseline_warmup,baseline,,0.0,412.4400581859494,17.301895348298967,825.1988841574948,0.1470363745514425,0.0002790350442511393,0.0,12.12714581623821
14.0,baseline_warmup,baseline,,0.0,421.4102620196134,18.84267089874706,857.4125732007823,0.1535851604881018,0.0001651459052810953,0.0,10.555368486754196
15.0,baseline_warmup,baseline,,0.0,418.4784605271976,17.543939327362732,843.2843450077229,0.1366208582987941,0.0002542770526857452,0.0,12.392496106083625
16.0,baseline_warmup,baseline,,0.0,406.0871658435548,17.700212672739685,862.936593212045,0.15042053997800134,0.00017469247733330106,0.0,10.171587150675538
17.0,baseline_warmup,baseline,,0.0,426.1240844131191,18.54649724754673,869.1472827869997,0.1655457162226082,0.0001624250428034996,0.0,13.23143070447549
18.0,baseline_warmup,baseline,,0.0,406.47464284838526,18.108927858299822,837.0389928870579,0.1280342387320492,0.0002183982822472518,0.0,13.143247552656774
19.0,baseline_warmup,baseline,,0.0,395.73146758499934,18.728963641759524,911.7899246331505,0.1359445718474472,0.00020422027300062817,0.0,12.980064427805443
20.0,baseline_warmup,baseline,,0.0,429.6371798086512,20.109382756310616,878.4680878892925,0.16328086875472744,0.00020358779106846795,0.0,11.193432290006323
21.0,baseline_warmup,baseline,,0.0,404.1904602403365,18.5871116731929,861.7842987606329,0.16691810123053047,0.0003127585073143104,0.0,13.597492189681649
22.0,baseline_warmup,baseline,,0.0,433.8593674634153,17.217031942332067,831.6813215688304,0.14572626303714747,0.00014290906301559004,0.0,13.234140788335935
23.0,baseline_warmup,baseline,,0.0,419.2994104961017,18.58571907806047,851.813541336473,0.15715996777751587,0.00015398820254994313,0.0,8.404785502195178
24.0,baseline_warmup,baseline,,0.0,403.4372140191498,17.584983296881834,920.4130112045062,0.14526215759876246,0.00016062264605459596,0.0,10.27384751752913
25.0,baseline_warmup,baseline,,0.0,422.1071266831177,18.27948183779726,921.017046334474,0.15245386693765062,0.0002124678920840784,0.0,13.839723129492072
26.0,baseline_warmup,baseline,,0.0,418.09656222329204,17.780826264397657,891.7631069636623,0.15251905224736093,0.0002785832930339613,0.0,12.270894200348078
27.0,baseline_warmup,baseline,,0.0,434.1925620307612,17.59389376191723,847.3790915797795,0.14814648611604045,0.00017316969013122488,0.0,12.212206458021864
28.0,baseline_warmup,baseline,,0.0,439.834419184409,17.70500201347067,837.5837681706346,0.15784655882349952,0.00016505597082566346,0.0,11.180202259108883
29.0,baseline_warmup,baseline,,0.0,418.59915364665903,17.654330352682496,853.002929338313,0.15274992326599385,0.00015840173699019008,0.0,12.009406335648016
30.0,baseline_warmup,baseline,,0.0,408.8784030641001,17.44607718378209,879.5059675754594,0.12680437277441187,0.00012740011191675622,0.0,10.59555330790877
31.0,baseline_warmup,baseline,,0.0,457.6052703326402,18.18285035926167,887.5032867773577,0.17082059678194686,0.00023721797498088267,0.0,10.545335433021886
32.0,baseline_warmup,baseline,,0.0,414.9939251472737,17.309254198768144,840.0577548740141,0.14774827908324809,0.00018102676224639484,0.0,11.503315813917274
33.0,baseline_warmup,baseline,,0.0,451.4726224406239,18.171614230810004,842.440269773243,0.1711461418350791,0.00020440673556988072,0.0,12.878862762399818
34.0,baseline_warmup,baseline,,0.0,417.10529324254156,16.5175837095959,883.3109604279113,0.14498660386856235,0.00017430663816054494,0.0,12.142749821945547
35.0,baseline_warmup,baseline,,0.0,423.6973355307643,17.119432391877893,848.8282714217262,0.14345404128150488,0.0002269723187770976,0.0,11.677705835232233
36.0,baseline_warmup,baseline,,0.0,432.9308052995183,17.80381661406466,812.9598569757985,0.15000401414886916,0.00022356125092589792,0.0,11.140066193206335
37.0,baseline_warmup,baseline,,0.0,407.0343642477925,18.443997403049657,887.1979492957242,0.13851102789950895,0.00017095254601194636,0.0,9.992883579410888
38.0,baseline_warmup,baseline,,0.0,395.43895101866326,18.214458673851578,860.8208642778607,0.14574286332688696,0.00020886171274500938,0.0,9.356584111178197
39.0,baseline_warmup,baseline,,0.0,415.92467922367797,17.445368131919526,879.1800539693688,0.11398337469215612,0.00020731940752688997,0.0,13.3403338489227
40.0,baseline_warmup,baseline,,0.0,431.075827478748,18.68719136082347,814.8921546431421,0.13625062349417782,0.0002238108592633702,0.0,13.384359506102284
41.0,baseline_warmup,baseline,,0.0,414.25622923939477,19.266434381720295,857.3121480720682,0.15176706153221367,0.00018008845037526715,0.0,10.762757534024043
42.0,baseline_warmup,baseline,,0.0,410.69059729339284,18.866192518442762,823.524859921975,0.1756797232311246,0.0002347778079165039,0.0,11.492955936575582
43.0,baseline_warmup,baseline,,0.0,410.6610896212357,18.414962179062922,932.3527194860089,0.1602965605592317,0.0002510067132469863,0.0,11.634771925985424
44.0,baseline_warmup,baseline,,0.0,407.66291114431607,17.004974304842673,833.1980699838513,0.14018241491051092,0.0001197829436973331,0.0,12.890722206199118
45.0,baseline_warmup,baseline,,0.0,416.373627458907,17.716364911004547,857.8440271018743,0.13545042922442485,0.00019878076837068649,0.0,8.895469860311737
46.0,baseline_warmup,baseline,,0.0,391.9861712733229,18.147702973378237,887.301022978119,0.14700902050905354,0.00016363416479362285,0.0,9.195256970103587
47.0,baseline_warmup,baseline,,0.0,407.7233494296633,17.27567957376811,852.132677265414,0.16385839071578454,0.00019662148506836515,0.0,12.252058216795465
48.0,baseline_warmup,baseline,,0.0,432.92204812530025,17.099077791756947,841.2017457773295,0.15946666707869947,0.0002019338814855124,0.0,9.828881146607328
49.0,baseline_warmup,baseline,,0.0,423.2273612873688,17.945552480825125,843.5835029624523,0.15545430296617646,0.00020034910449666886,0.0,11.195029062169356
50.0,baseline_warmup,baseline,,0.0,432.93648698325916,18.062681072911694,821.2113386928677,0.1683873329360184,0.00020188265220388328,0.0,9.442947737733565
51.0,baseline_warmup,baseline,,0.0,415.22065452294186,17.205874845281716,885.3325842154185,0.15650141521350414,0.000244478431841163,0.0,15.198875218761806
52.0,baseline_warmup,baseline,,0.0,424.22260150535493,18.198780950620552,829.2573003678099,0.15542274639632653,0.00026458674527464254,0.0,13.805522355144834
53.0,baseline_warmup,baseline,,0.0,412.3211526735945,19.80018296596119,820.1630478391304,0.16959523548410424,0.00017945172079207846,0.0,10.397971029519006
54.0,baseline_warmup,baseline,,0.0,412.4132725276379,16.456499765832138,834.41475847912,0.17253480403071705,0.00022591632882816955,0.0,11.668514917691923
55.0,baseline_warmup,baseline,,0.0,414.73902620280785,17.402870033002728,851.1371089775625,0.15613012120547848,0.00016611984370081212,0.0,10.331335952227507
56.0,baseline_warmup,baseline,,0.0,411.8840862968533,18.610913239249474,836.7636285202727,0.13955179731861556,0.00013310514409213,0.0,10.290848592790862
57.0,baseline_warmup,baseline,,0.0,439.88552612681156,17.939280308484943,853.6468272188373,0.16020370914567064,0.00020815961149334212,0.0,11.183060857624488
58.0,baseline_warmup,baseline,,0.0,447.85884436194755,18.45054132649086,849.7309221365628,0.1435760446186315,0.00018958813689968075,0.0,15.648586850336615
59.0,baseline_warmup,baseline,,0.0,417.7798764040141,18.76752529228237,831.0247617806949,0.15184965453738775,0.00019770521561929947,0.0,10.109120113325254
60.0,baseline_warmup,baseline,,0.0,403.7930955148799,18.93831799630486,827.1173759582928,0.15819156067829074,0.00022596777304869376,0.0,14.288007147713142
61.0,baseline_warmup,baseline,,0.0,419.19986981483635,18.510768917340318,812.3026005074354,0.1354650105648909,0.00018766821534784843,0.0,12.776213431137572
62.0,baseline_warmup,baseline,,0.0,409.88006450866686,18.95706425322688,888.075788278954,0.15617187763654106,0.00019686759473161168,0.0,14.460904174964117
63.0,baseline_warmup,baseline,,0.0,417.3455059304238,17.5524111730197,852.2223984204053,0.1692286736888359,0.00025881764008959943,0.0,13.56408074764814
64.0,baseline_warmup,baseline,,0.0,415.3514072138721,18.534365314125832,797.5292798554326,0.13439807357965844,0.00021632834378631813,0.0,11.15362785715871
65.0,baseline_warmup,baseline,,0.0,387.8843972878141,17.38741047168932,858.409411153234,0.14651611156007557,0.00025723144472819645,0.0,13.351385592347205
66.0,baseline_warmup,baseline,,0.0,423.02927706670187,19.996386134769427,884.5775113381499,0.142145926710057,0.0002696722393672166,0.0,12.107993417028409
67.0,baseline_warmup,baseline,,0.0,385.68615421234443,19.03162923084183,939.8299573990411,0.16439732227774362,0.00021030281072142767,0.0,10.891272192050556
68.0,baseline_warmup,baseline,,0.0,445.2901246909889,18.097246400318703,873.761451228138,0.16790239246068644,0.00021098329021838585,0.0,14.538861273161713
69.0,baseline_warmup,baseline,,0.0,433.3887791876546,18.364880218297287,818.5697555244682,0.16454888206960783,0.00021882392615072012,0.0,7.962434178011219
70.0,baseline_warmup,baseline,,0.0,403.77585962408267,19.073657937167102,850.1042507471334,0.13497234469284766,0.0002040629104137115,0.0,15.224103401107964
71.0,baseline_warmup,baseline,,0.0,429.7571302343104,17.343681156870176,796.7714880716911,0.14903387004571905,0.000160246749181538,0.0,12.255756452211422
72.0,baseline_warmup,baseline,,0.0,404.52539681477873,16.26289412694724,842.1825133238881,0.1652981221805664,0.00012816831245681057,0.0,8.381499672646077
73.0,baseline_warmup,baseline,,0.0,392.0003502927204,18.504137425329322,877.4294335713801,0.14394198872226432,0.0002668885735627301,0.0,14.021280768878787
74.0,baseline_warmup,baseline,,0.0,424.60361143314776,18.151745740018253,874.2909067402503,0.13404136306782335,0.0002650975702145268,0.0,11.930383188113959
75.0,baseline_warmup,baseline,,0.0,416.62588968086766,19.124650839257054,818.5015303454383,0.1387933449463541,0.0003020127796843875,0.0,14.497945141433647
76.0,baseline_warmup,baseline,,0.0,395.99716095415147,17.67742597042335,811.6684724279739,0.15135649005336244,0.00022163541931077786,0.0,13.66890007740963
77.0,baseline_warmup,baseline,,0.0,422.44269326622384,18.44472409569802,843.1360899572022,0.15697006018174792,0.00014942063373523653,0.0,12.441006806969867
78.0,baseline_warmup,baseline,,0.0,425.5985441734278,19.679795402951044,773.3543746398394,0.13711100246251204,0.00020953531051070992,0.0,11.38988077451738
79.0,baseline_warmup,baseline,,0.0,414.2232518306873,17.6167388342957,873.3661173778258,0.14375730438896242,0.0002792258671913909,0.0,11.042324116312482
80.0,baseline_warmup,baseline,,0.0,407.67337703136116,18.79937481563252,878.8415075722467,0.16010046051057122,0.00023461584755453613,0.0,10.88084140097118
81.0,baseline_warmup,baseline,,0.0,424.73878692680154,16.397982053514383,882.2656418500951,0.14540867926460796,0.00017335412668518819,0.0,13.581838159038558
82.0,baseline_warmup,baseline,,0.0,436.62505075232184,17.006002776837278,886.3971188085225,0.1585273255162831,0.00029203427771258604,0.0,10.75990330605475
83.0,baseline_warmup,baseline,,0.0,424.4592369843724,17.140622534986125,829.896605746368,0.15583277670015708,0.00019791553716566514,0.0,12.005897208076501
84.0,baseline_warmup,baseline,,0.0,401.28111103815024,16.959131182462347,833.718215530988,0.1633570274594367,0.0002388063189982428,0.0,12.35666238378149
85.0,baseline_warmup,baseline,,0.0,418.72556276928157,17.480634594470835,887.5196742166123,0.1635609073838395,0.00014993670219415846,0.0,11.713288614673063
86.0,baseline_warmup,baseline,,0.0,419.43912788484323,17.067959996865252,877.3497183511595,0.1526621437656534,0.00012409518876468412,0.0,15.030369526596672
87.0,baseline_warmup,baseline,,0.0,418.8079458799433,18.025118458168514,835.2321175506169,0.15124977949613336,0.00016984207179648308,0.0,14.25071664142191
88.0,baseline_warmup,baseline,,0.0,425.75649434843206,18.258921130493313,819.1590712967422,0.14384158144255715,0.00025078179513599713,0.0,14.500543220495443
89.0,baseline_warmup,baseline,,0.0,429.29191624413596,16.926828476813526,851.7248633098023,0.14310798511435396,0.0002298094525040363,0.0,13.393266747270179
90.0,baseline_warmup,baseline,,0.0,408.6855828951855,17.89953208979853,906.4876106190874,0.15174289226228757,0.00019983113321563506,0.0,14.328542992097779
91.0,baseline_warmup,baseline,,0.0,422.14468611176767,18.658841220195,917.3891627384189,0.1576381823793249,0.00021368530820425828,0.0,12.258837384730104
92.0,baseline_warmup,baseline,,0.0,386.91733331833444,18.49363624706099,855.7698231338974,0.14919422127211607,0.00023177863747510791,0.0,11.53973798891744
93.0,baseline_warmup,baseline,,0.0,385.0224448601345,18.357182242321297,843.1419183848225,0.16212935182736424,8.373097865687777e-05,0.0,11.281323538368188
94.0,baseline_warmup,baseline,,0.0,431.9584944398959,18.779612906891973,894.5551400362316,0.13270530071919726,0.00018710138267299,0.0,11.882371581118349
95.0,baseline_warmup,baseline,,0.0,425.29198606061027,16.842436082933403,892.0682315571768,0.15952378206651593,0.00017240922881462564,0.0,12.381466454044268
96.0,baseline_warmup,baseline,,0.0,440.3383141050234,17.084006442702442,857.0570134416926,0.1655474258192959,0.00018554818122027748,0.0,13.066564663506304
97.0,baseline_warmup,baseline,,0.0,423.4790952817645,18.906012488825677,836.6814061755156,0.14442595277755751,0.00020145894390082743,0.0,10.76678519363315
98.0,baseline_warmup,baseline,,0.0,440.6877500175419,19.947698772568884,835.5461684501997,0.16209914003703071,0.0002420650386854871,0.0,11.906733086294315
99.0,baseline_warmup,baseline,,0.0,434.86488674631306,16.677245604394585,830.4009533081812,0.1711406145868238,0.00022630961820480297,0.0,13.224180540452696
100.0,baseline_warmup,baseline,,0.0,424.45746185339107,18.516444352382525,837.1307664190579,0.14889971175018687,0.0001511367851964895,0.0,14.391254818293856
101.0,baseline_warmup,baseline,,0.0,410.172263619836,17.17549770265507,841.0821167772945,0.15208297143063065,0.0002260377771599402,0.0,10.437783305289816
102.0,baseline_warmup,baseline,,0.0,421.22225931496473,17.202016485786793,894.9979231498576,0.1478849029099183,0.0002456853146673852,0.0,13.386509841649481
103.0,baseline_warmup,baseline,,0.0,418.5764062915831,17.712739180316177,848.6962394767132,0.14499115164664503,0.00019906199455721902,0.0,14.00491255553625
104.0,baseline_warmup,baseline,,0.0,416.6739210436611,18.171274621281057,841.1050755038303,0.140879493959804,0.00017919193009273413,0.0,12.576253202585264
105.0,baseline_warmup,baseline,,0.0,445.1579099088026,16.341642075315114,862.4677634204888,0.1778320758446386,0.00016654309126536924,0.0,11.611089051358801
106.0,baseline_warmup,baseline,,0.0,405.60830186385203,17.460775659082195,871.5313515866402,0.14631203524857295,0.00013065504510739745,0.0,12.450697944864674
107.0,baseline_warmup,baseline,,0.0,435.77151583492326,18.315049003546047,885.7978564964562,0.14114734373911625,0.00013213213255168293,0.0,12.422998077062566
108.0,baseline_warmup,baseline,,0.0,422.2634542577173,18.555651022979465,855.2552959123839,0.14073998459943052,0.00024955846023487705,0.0,10.671850532167834
109.0,baseline_warmup,baseline,,0.0,392.7667333862834,17.836854581607746,864.2665122604799,0.14652146388498832,0.00029541614972170444,0.0,13.244439441083387
110.0,baseline_warmup,baseline,,0.0,422.3276476186198,18.489842723511387,841.5653694955071,0.16728355161638897,0.00022648299542860092,0.0,11.014349639955178
111.0,baseline_warmup,baseline,,0.0,436.54514322658423,16.570223561299287,910.1945120760982,0.145259332373484,0.0001515362492637764,0.0,15.152294955198876
112.0,baseline_warmup,baseline,,0.0,413.78258289951435,18.315481027944017,828.206294738251,0.15576567019591686,0.00019998244140125433,0.0,11.549269243889881
113.0,baseline_warmup,baseline,,0.0,435.3393040629981,17.255197793581644,829.9111096289156,0.15326926355289142,0.00022394121021832922,0.0,11.433224460968908
114.0,baseline_warmup,baseline,,0.0,393.00348811891,17.82516640261876,834.2816351972183,0.16480157066531104,0.00022878726661224125,0.0,13.043838944528648
115.0,baseline_warmup,baseline,,0.0,409.2231751637327,18.95574469189999,842.036158696241,0.15996188855831617,0.0002452625579646398,0.0,11.40893797717019
116.0,baseline_warmup,baseline,,0.0,405.80466576345555,18.91300614516257,867.5388603989192,0.14877780335649263,0.00017402954267353832,0.0,9.836073563710125
117.0,baseline_warmup,baseline,,0.0,371.80106721362154,19.07461161098994,843.9677414628153,0.1415703168841853,0.00021448815794106977,0.0,13.592914572980971
118.0,baseline_warmup,baseline,,0.0,451.18219840566394,17.57173610367255,846.037928979324,0.1561293007085692,0.0001379471019729863,0.0,9.84830138645765
119.0,baseline_warmup,baseline,,0.0,408.9276620974451,19.107049259448022,884.5338944001286,0.13513842658573466,0.0001316133027778056,0.0,13.014688857538477
120.0,steady_state,baseline,,0.0,403.0997656193535,18.257421844569627,858.3637018199105,0.13896898878874325,0.0002018731311577323,0.0,12.97665767764626
121.0,steady_state,baseline,,0.0,440.8567941335035,18.285965404063845,836.9229540938461,0.15968553269344296,0.00019969757886153432,0.0,9.377839084464117
122.0,steady_state,baseline,,0.0,426.8588333576439,17.568714817399727,858.8594364230362,0.16381570855649302,0.00020397429213787836,0.0,13.441808623007018
123.0,steady_state,baseline,,0.0,405.4634234340519,17.806166044140763,880.822508702485,0.16006696347920657,0.0001653197649568449,0.0,11.360285255754695
124.0,steady_state,baseline,,0.0,406.2581291251093,18.656767320972076,867.6664162149896,0.1378698556974532,0.00026135790001268985,0.0,11.84914406369275
125.0,steady_state,baseline,,0.0,387.35254040689426,15.976470569502258,841.319197698442,0.15023142449825466,0.0002235050481874654,0.0,11.693360224417654
126.0,steady_state,baseline,,0.0,471.9554820827272,16.42674585844361,796.0451145869488,0.1301286853300357,0.00011457270615565711,0.0,11.97955590174036
127.0,steady_state,baseline,,0.0,417.2177942892748,18.22914562605301,846.4095964971881,0.13128581253521363,0.0001055239205477167,0.0,9.617530635319689
128.0,steady_state,baseline,,0.0,427.54073744162054,16.833886637293116,846.6632131398433,0.14869276805804296,0.00013364268006157436,0.0,8.090792672575525
129.0,steady_state,baseline,,0.0,394.73893585142173,16.993157637110983,849.1689058075867,0.16079352189797116,0.00019625797406490545,0.0,11.82488862018879
130.0,steady_state,baseline,,0.0,427.9331861245365,18.77905192116268,843.3857545470091,0.14842766190444226,0.00020164519066710428,0.0,12.574271382722454
131.0,steady_state,baseline,,0.0,432.19565488797497,18.84387003772957,827.6332740116974,0.15150250248886943,0.000221815400000724,0.0,12.983875350395738
132.0,steady_state,baseline,,0.0,413.738658292933,17.798266559484038,853.7605536078571,0.13476045923185712,0.0002238180572729058,0.0,9.963254701745546
133.0,steady_state,baseline,,0.0,432.1896754575353,18.044760960349187,862.1522272050985,0.14791268515498818,0.00016993112305737818,0.0,11.457432888984567
134.0,steady_state,baseline,,0.0,431.70693026834584,18.196244174866827,898.4868288812854,0.14471418782321405,0.00016828817954853034,0.0,11.98062746036364
135.0,steady_state,baseline,,0.0,452.3966829578895,16.33747020598099,864.883076526655,0.17132521113474095,0.00026595029258030817,0.0,14.50939942471605
136.0,steady_state,baseline,,0.0,435.03242327888313,18.64551253430653,831.6856416044457,0.14832966247306079,0.000214562690500454,0.0,13.707694677808107
137.0,steady_state,baseline,,0.0,426.92622106847205,18.712341964296453,845.7797067054304,0.13482407889483142,0.00021208227417464658,0.0,11.626644351136441
138.0,steady_state,baseline,,0.0,400.8570811310682,17.489960053825502,845.641657611942,0.1543079140619012,0.00018449934683671573,0.0,9.45145367375281
139.0,steady_state,baseline,,0.0,442.00098557116445,16.69262133780005,838.1404440758174,0.13715788418741856,0.00017958916429569515,0.0,10.228074747067616
140.0,steady_state,baseline,,0.0,442.57944283668417,18.067303194535082,840.0401808167999,0.13985317077832327,0.00018919718580952464,0.0,11.742504081376975
141.0,steady_state,baseline,,0.0,438.335446832238,17.928291394574075,886.4282694197553,0.1652373005572917,0.00018744712662188638,0.0,8.059113856360543
142.0,steady_state,baseline,,0.0,448.7444960700651,18.145739779580865,863.2303424201366,0.12921589653496424,0.00029027349282749915,0.0,8.891424343770806
143.0,steady_state,baseline,,0.0,404.782346849882,17.286492565207375,901.0132133303443,0.1460901004553213,0.0001920700054408982,0.0,10.049717822647901
144.0,steady_state,baseline,,0.0,400.43018589489765,18.73305090885869,814.0679488169109,0.1600817182585279,0.00025386874852201545,0.0,10.914604467067663
145.0,steady_state,baseline,,0.0,437.76913399571913,19.19908763614973,797.9975952222755,0.1506169648312686,0.0001684161827099871,0.0,10.628731034992322
146.0,steady_state,baseline,,0.0,385.1281692502546,17.19066071801322,832.6820825693659,0.15320787479544587,0.0001695102453697042,0.0,12.511042102446872
147.0,steady_state,baseline,,0.0,438.8623275263117,18.8758360867509,837.5191075142562,0.1480747801107786,0.00018605690463641453,0.0,12.163823732162372
148.0,steady_state,baseline,,0.0,403.8383604428525,17.5447704422691,794.431064254639,0.14300835307888723,0.0002120570200052804,0.0,12.700263361422047
149.0,steady_state,baseline,,0.0,421.2396701894818,18.048731466324128,868.8382952888309,0.11775880562810809,0.00016972052321678492,0.0,11.888574683031802
150.0,steady_state,baseline,,0.0,444.378254453111,17.8303126958711,868.9334112438526,0.1584625467329377,0.00023543163849961264,0.0,11.527551721690775
151.0,steady_state,baseline,,0.0,444.97040304555964,18.07568911869609,817.7340631705129,0.14996964863335477,0.00024004172953877358,0.0,12.325604983625224
152.0,steady_state,baseline,,0.0,427.4738274581569,18.8718713141706,836.2831985535184,0.14194969832967105,0.00018605443325585172,0.0,11.878138450117941
153.0,steady_state,baseline,,0.0,434.88774675861,19.459384941522828,829.9382078591166,0.13660138624413265,0.00021110007831340698,0.0,10.786289233268377
154.0,steady_state,baseline,,0.0,410.8278847300605,17.39603269348818,824.1330372612124,0.16504177419194027,0.00022254760406729135,0.0,14.726565119694067
155.0,steady_state,baseline,,0.0,429.751992352856,16.844670067460854,821.530135752577,0.14943990017322487,0.00022654366565330337,0.0,13.212075137004556
156.0,steady_state,baseline,,0.0,440.8419987869828,17.196841830151193,866.6811448586496,0.1665151844330464,0.0002328286562231181,0.0,11.6491015844772
157.0,steady_state,baseline,,0.0,401.0439741659344,16.413737420149825,888.9804523712476,0.14466031015070985,0.00017742871721988804,0.0,12.560602138007262
158.0,steady_state,baseline,,0.0,401.2500467292508,17.26460184423119,849.3646343236754,0.1603004995410442,0.00014936809851083418,0.0,9.68031071449519
159.0,steady_state,baseline,,0.0,397.5310575987927,18.427597747820826,912.3582676667774,0.1498935419728988,0.00021466569547937207,0.0,14.214250352586486
160.0,steady_state,baseline,,0.0,398.84130579880633,18.431924896851008,937.9485142664765,0.1620728921454493,0.0001618735464475093,0.0,12.509256926953249
161.0,steady_state,baseline,,0.0,424.10621016626084,19.19217888150647,829.0661027984274,0.15273839362677963,0.00019805489554870732,0.0,9.061399006473305
162.0,steady_state,baseline,,0.0,411.35039834831053,18.21367028806073,827.7556800057189,0.17316413397996874,0.0001866276277536188,0.0,9.458547463283267
163.0,steady_state,baseline,,0.0,418.0259600907458,17.82987076729591,788.6359860570026,0.13925132179083874,0.0002265648835104217,0.0,11.604727300350662
164.0,steady_state,baseline,,0.0,409.18848256251977,18.525085890450892,834.4634521957792,0.16683909791420173,0.00017397582506079845,0.0,11.3748407460742
165.0,steady_state,baseline,,0.0,409.0765583152725,17.463622288333788,864.3484483546772,0.1552107192356896,0.00021810402366644968,0.0,15.675112157723786
166.0,steady_state,baseline,,0.0,418.64132379993686,18.41575713639611,811.1692688280253,0.15929000357907255,0.00021091431620237213,0.0,13.332610829816586
167.0,steady_state,baseline,,0.0,458.73435653121646,17.934147027366297,782.0992170783813,0.15898945148670982,0.0001808075171086548,0.0,12.718485735095975
168.0,steady_state,baseline,,0.0,430.19501531830645,17.211078962722624,857.1492320979572,0.15231374788103821,0.00014303530108156375,0.0,11.767503112516962
169.0,steady_state,baseline,,0.0,407.3327411602156,19.0216014726626,848.8686091897639,0.1254470733059184,0.00025170480868226156,0.0,10.859446786133699
170.0,steady_state,baseline,,0.0,434.3023456223434,16.125546473310024,884.3790723056082,0.12509726780716224,0.0001757312894250822,0.0,11.985410437689294
171.0,steady_state,baseline,,0.0,437.7825460673644,19.109928461510194,855.9209575716388,0.1280446710084331,0.0002119734305348263,0.0,10.203248746705114
172.0,steady_state,baseline,,0.0,438.2812885309627,16.474218659924517,905.0989589044815,0.17133272173660305,0.00022306178985154947,0.0,10.260886008955323
173.0,steady_state,baseline,,0.0,426.92370486641937,19.213578544002846,857.2601521214311,0.1446131147884941,0.00014508528464307805,0.0,11.69587414815163
174.0,steady_state,baseline,,0.0,411.23925123520837,18.160421885065432,823.2155868997748,0.13898484786149917,0.00016400214520473716,0.0,11.449421328343435
175.0,steady_state,baseline,,0.0,439.4507456008541,16.639431255851935,779.260085669649,0.15694374241060743,0.0001995331902560953,0.0,11.373043949562861
176.0,steady_state,baseline,,0.0,434.6404030037575,16.208164729477947,853.7519136982461,0.16803496117790098,0.00013448262829637026,0.0,10.238423569505695
177.0,steady_state,baseline,,0.0,463.0673362285274,17.112833681022632,920.5153572965366,0.14823211365714956,0.00014373919973771133,0.0,10.448670579152445
178.0,steady_state,baseline,,0.0,401.29867928498595,17.96583363777251,817.1952982822845,0.14384022879965228,0.000163758225696875,0.0,12.23295670917612
179.0,steady_state,baseline,,0.0,446.87712306682556,19.03629525104125,849.4082143692484,0.14891202240194296,0.0001630504502557153,0.0,11.150961284855523
180.0,steady_state,baseline,,0.0,432.7422548933355,16.43284361296886,836.3978810035703,0.1499169032345348,0.00019841843222745243,0.0,12.608693854156249
181.0,steady_state,baseline,,0.0,382.0766831866032,18.645975534330837,813.9366102668953,0.16445787437754386,0.00020377655748822634,0.0,13.532674468378245
182.0,steady_state,baseline,,0.0,443.4262497566042,20.319807452291503,875.2035184538482,0.11973347086494306,0.00019329744062691927,0.0,12.696899361995527
183.0,steady_state,baseline,,0.0,436.1082413631734,17.399413052470585,865.036747837559,0.12521662979937476,0.00022931383987951352,0.0,10.666070889926702
184.0,steady_state,baseline,,0.0,406.0348434665826,18.151414528658634,862.0137400200256,0.16090263492027215,0.00018996723138080084,0.0,11.171817408930515
185.0,steady_state,baseline,,0.0,425.28972895463704,17.984551396131216,879.126568504916,0.14871409859940032,0.0002455888830225534,0.0,11.638247277633221
186.0,steady_state,baseline,,0.0,426.46514178734304,18.154731315581145,814.3513468933282,0.14763128668799352,0.00015878994548053612,0.0,11.031970953994353
187.0,steady_state,baseline,,0.0,407.0286442500819,16.531200272874216,843.1145528521048,0.15307234210809742,0.00021166388381785512,0.0,13.285521122055647
188.0,steady_state,baseline,,0.0,424.19822534309867,19.537741698510267,858.5184070286223,0.13343390181025078,0.00018489196176461626,0.0,12.723505386649126
189.0,steady_state,baseline,,0.0,397.986911886044,17.481132806835117,892.2500568149471,0.1537746917441051,0.00020354532086626573,0.0,12.748010015618709
190.0,steady_state,baseline,,0.0,421.34786502913965,18.26254344510827,888.9264729802634,0.15345559838912934,0.00028697380272227086,0.0,11.089564131793203
191.0,steady_state,baseline,,0.0,424.449932681117,16.834830782056635,846.180108640425,0.14766344922299302,0.00016304984050854752,0.0,12.761955722906071
192.0,steady_state,baseline,,0.0,428.8967427570013,17.792534499701326,860.4856087725599,0.15369797154936649,0.00019905982121493134,0.0,13.905384416541985
193.0,steady_state,baseline,,0.0,415.24737745913825,18.56658674372955,895.5145895428328,0.1538324665383172,0.00018153380209593947,0.0,13.086764347859525
194.0,steady_state,baseline,,0.0,414.9112644588734,18.303607760061677,779.9130740638142,0.14038247209498905,0.00016847026205133158,0.0,12.982863044385029
195.0,steady_state,baseline,,0.0,430.21059007425396,17.93592476335364,861.8364012673559,0.16628793312473916,0.00023335715377596156,0.0,12.498386610851002
196.0,steady_state,baseline,,0.0,437.5478048561849,17.30136716263033,824.2731962379,0.1557330359441316,0.00016244616985738308,0.0,10.066147509821509
197.0,steady_state,baseline,,0.0,436.47894695080026,19.657752576223345,845.1348084297377,0.13750240578998107,0.00022225569437089835,0.0,11.643678349676103
198.0,steady_state,baseline,,0.0,449.0264096637125,19.427947576500483,850.6358592287793,0.1569619000378293,0.0001791176889496452,0.0,13.663634440257006
199.0,steady_state,baseline,,0.0,453.5825106718164,17.73490307837273,849.0663793117845,0.14853013688320565,0.0002179182090234002,0.0,12.829783829763084
200.0,steady_state,baseline,,0.0,428.3978857084931,18.649548874916853,875.7283684195055,0.15021784993242976,0.00028016770416366927,0.0,11.640479762224029
201.0,steady_state,baseline,,0.0,433.6815010522356,18.182822556276072,877.4753405788173,0.14522727539404848,0.00019795668409307207,0.0,12.267540724323526
202.0,steady_state,baseline,,0.0,415.4666285005359,17.875539641664243,836.215377727635,0.16273127533157836,0.00014178896580767212,0.0,11.934389382277168
203.0,steady_state,baseline,,0.0,429.30639647064095,19.087243166429992,839.8030135445684,0.15972277246464853,0.00025363925715145795,0.0,7.97922005762014
204.0,steady_state,baseline,,0.0,410.9973571078324,16.226834468732385,850.6562646230062,0.1522521770224912,0.0002453683450857154,0.0,12.218195045534
205.0,steady_state,baseline,,0.0,397.89865190561295,17.728568043322912,830.4187581362988,0.13355459351377108,0.00025046322179857357,0.0,13.817412773073556
206.0,steady_state,baseline,,0.0,424.29267381055996,18.67254753189899,874.7171823141215,0.1584150119992895,0.00016016338715309613,0.0,11.898439398273133
207.0,steady_state,baseline,,0.0,407.86864368272404,17.63377361462931,853.0069354366342,0.13018593947808094,0.00021569203654119888,0.0,11.01721249455844
208.0,steady_state,baseline,,0.0,438.92028482963417,17.654483325226366,869.7194382651509,0.18253238168954852,0.00022572231996943035,0.0,12.796257246276594
209.0,steady_state,baseline,,0.0,418.72342479343183,17.38566331561654,826.376902086613,0.1332845900304051,0.00024839627494064275,0.0,12.63562860929678
210.0,steady_state,baseline,,0.0,414.5342471998729,18.16639754388691,828.940277384063,0.15515639599649803,0.00019172273123822808,0.0,12.301067106569144
211.0,steady_state,baseline,,0.0,399.0028989921547,17.31235648937676,885.0567366692892,0.1329363250815849,0.00020610385438702466,0.0,10.863365979895905
212.0,steady_state,baseline,,0.0,414.1110545071718,17.325938508359396,877.2641537828822,0.17274203172716227,0.0002122311743552064,0.0,12.982203567333702
213.0,steady_state,baseline,,0.0,431.5836579661981,17.434037797460167,792.5619636588742,0.13126708129393766,0.0002054306487024352,0.0,13.324186532837503
214.0,steady_state,baseline,,0.0,468.35183004941536,18.482598326710598,814.6527741210333,0.17132868606037474,0.0002144237997420329,0.0,11.795783602344642
215.0,steady_state,baseline,,0.0,416.90914577481664,17.898610817854546,896.6397874161466,0.13654266907993184,0.0001660642136470808,0.0,11.079578298088592
216.0,steady_state,baseline,,0.0,413.03227783951024,17.19335762083711,779.7590318870639,0.1609816886912836,0.000273195130108615,0.0,11.12216978120752
217.0,steady_state,baseline,,0.0,386.1448239515373,18.03831472365976,825.9694337518185,0.15122331461027744,0.00030989287036453146,0.0,11.034337500029055
218.0,steady_state,baseline,,0.0,405.41413495344676,17.755554230952093,856.7776871985724,0.1452071715204136,0.00024587293585176485,0.0,14.69409478780686
219.0,steady_state,baseline,,0.0,434.606023867149,17.17007811667255,844.2402851538546,0.1454393983726593,0.00023129820456924575,0.0,14.736421074842088
220.0,steady_state,baseline,,0.0,400.85919633003846,19.258603433564385,887.434901210249,0.16460330166177398,0.0002590946992252402,0.0,12.126012578928053
221.0,steady_state,baseline,,0.0,405.5532229448618,19.271677863164854,835.0613471971931,0.13550965467800827,0.00019611340294312167,0.0,12.750085768991502
222.0,steady_state,baseline,,0.0,419.2820647908634,17.731908361754744,772.2985487566547,0.15645877182403395,0.00017459882352090545,0.0,13.701176711035194
223.0,steady_state,baseline,,0.0,418.8950397345891,17.77675620430608,835.6730899542567,0.17297817550354924,0.00021959900574110774,0.0,13.179484186923997
224.0,steady_state,baseline,,0.0,413.72155347071475,18.349953630598478,840.2356062399624,0.14043469840990583,0.0002109810812919479,0.0,9.87576530542967
225.0,steady_state,baseline,,0.0,416.0243551368378,16.9577801835793,889.8674037668442,0.14044172904665878,0.00019307298288484794,0.0,13.327810155234232
226.0,steady_state,baseline,,0.0,443.8918991510373,18.842387106299586,831.7638200704445,0.1435794284832342,0.0002459487070286932,0.0,11.904626989904578
227.0,steady_state,baseline,,0.0,413.48071194456514,17.868661099529906,843.6662109344807,0.16130090096427527,0.000211115598574127,0.0,15.022559253300576
228.0,steady_state,baseline,,0.0,387.483648551217,18.636204306276255,904.8692326531898,0.1624492421326563,0.00016742424209620552,0.0,12.156840689064394
229.0,steady_state,baseline,,0.0,377.27994691548383,17.57073760658837,822.7862100040188,0.15608297750012426,0.00015372949247976556,0.0,12.198551505934892
230.0,steady_state,baseline,,0.0,399.8432569947408,17.670754187450505,831.3056049390945,0.13465154723081918,0.00014659093985609927,0.0,10.989393674955373
231.0,steady_state,baseline,,0.0,441.3659826798604,16.863269218524024,821.3887732258023,0.16198459741363944,0.00019045106938267822,0.0,12.690507232302314
232.0,steady_state,baseline,,0.0,438.7500917438896,18.075085066277907,882.0963979464658,0.15582016064566562,0.00016633169998508165,0.0,11.03430985472442
233.0,steady_state,baseline,,0.0,426.10138439910946,17.52996270749411,875.1553817418549,0.13068981489498285,0.0001776852342247461,0.0,11.00581163858421
234.0,steady_state,baseline,,0.0,413.326889092543,17.614810864568163,828.1100740528282,0.1370702072022443,0.00023250370434824765,0.0,11.131631504456397
235.0,steady_state,baseline,,0.0,402.8472435529928,19.489059403523754,846.6803286896701,0.1704630295483661,0.0002016059766217554,0.0,11.663203013044127
236.0,steady_state,baseline,,0.0,429.1388783027526,19.453922159278385,883.697089057199,0.123346156617305,0.00018815452382913702,0.0,14.196540172233407
237.0,steady_state,baseline,,0.0,415.09051574978594,19.598706453892277,796.8382352647243,0.16291306122211882,0.00014314445476200547,0.0,11.953645356755976
238.0,steady_state,baseline,,0.0,419.37244958176046,16.236866154050073,869.463946240867,0.14075311620418735,0.00013126374663701435,0.0,11.67853302087722
239.0,steady_state,baseline,,0.0,426.0928913702015,17.49971592398859,833.9502529581695,0.13724828652385873,0.0001305195075346095,0.0,12.591533604983985
240.0,steady_state,baseline,,0.0,437.44605028246264,18.69377866458568,826.4823512669205,0.14352349540817885,0.00018572446073831874,0.0,10.533425746266316
241.0,steady_state,baseline,,0.0,421.5076908473469,18.27871453724576,857.685107873504,0.1485962163901127,0.00020595883365815402,0.0,11.11347602536701
242.0,steady_state,baseline,,0.0,420.40371287731824,18.6074694481792,875.8051594839026,0.1588915036788109,0.000200024697799897,0.0,12.826326178664212
243.0,steady_state,baseline,,0.0,410.7872016389908,16.531820964585293,818.869609561147,0.14588391819104765,0.00023279659312425052,0.0,11.436850027095586
244.0,steady_state,baseline,,0.0,399.52402823521794,18.28681303299546,817.2187204494849,0.14736902878936747,0.0002652131245103421,0.0,13.46314877048999
245.0,steady_state,baseline,,0.0,408.3419170453356,18.070467756164025,852.5301108811898,0.15183919498100842,0.0002605431352997819,0.0,12.910065856154004
246.0,steady_state,baseline,,0.0,429.3319955912341,18.353655900923023,839.57121227755,0.16090797644707386,0.00020634893637376246,0.0,10.351275644087082
247.0,steady_state,baseline,,0.0,428.0748490075368,16.784177271840345,814.0710174457429,0.16284892826969724,0.00020177534588259488,0.0,12.866322378524966
248.0,steady_state,baseline,,0.0,412.73851937611647,19.09020073628664,867.2564907944778,0.16081600946163663,0.0002241250266768892,0.0,11.210341329349884
249.0,steady_state,baseline,,0.0,410.5225383151642,17.3757948605678,803.9453901621708,0.13632928634294847,0.00014260205748537676,0.0,12.4358445221277
250.0,steady_state,baseline,,0.0,418.82243147110296,18.729739021357055,864.9438480008016,0.12448331575218669,0.00017998454761003908,0.0,12.277068600146825
251.0,steady_state,baseline,,0.0,441.3282332325337,18.49954769308049,823.2184167655763,0.15611294663316347,0.00017445206242089052,0.0,12.073898027508326
252.0,steady_state,baseline,,0.0,417.3107199422634,17.297094635782422,898.8906919743395,0.14548786200812708,0.00019592569643924875,0.0,15.573416075179559
253.0,steady_state,baseline,,0.0,402.8592126352526,16.964229022912956,882.7745646941306,0.13857803248134964,0.00019203313604074357,0.0,10.494785434808595
254.0,steady_state,baseline,,0.0,428.2574023659889,17.31065592248339,825.8094533706557,0.16315382026854305,0.00027223406946303515,0.0,11.47185382195045
255.0,steady_state,baseline,,0.0,411.3012247210253,17.554887200027082,904.402340678743,0.13086430793574869,0.00020763360913084346,0.0,7.393619122795322
256.0,steady_state,baseline,,0.0,433.95848809634606,19.165013163628224,871.7060122925141,0.14916278579184258,0.0002152379067452266,0.0,10.81010962400308
257.0,steady_state,baseline,,0.0,416.8101058710091,15.989912669970833,863.2657167113857,0.14099854835051134,0.00016838416360363096,0.0,13.006375736080576
258.0,steady_state,baseline,,0.0,445.34527812179095,18.630445792377923,860.1652035124115,0.16626021609740738,0.00022217112614002172,0.0,13.435052293560698
259.0,steady_state,baseline,,0.0,393.80565331141383,17.815242893004275,826.8207315351694,0.14843309942020325,0.00020443775372968763,0.0,13.546675688343916
260.0,steady_state,baseline,,0.0,407.90378524925234,17.096297003020297,795.8638228131549,0.17529773138551427,0.00024720810354483125,0.0,10.66976386308323
261.0,steady_state,baseline,,0.0,416.3291323623642,18.084478247955868,842.3893371530261,0.1533959036297946,0.00027539874518593254,0.0,10.744986405988374
262.0,steady_state,baseline,,0.0,426.27778371380657,17.929435181879057,880.553382775957,0.14571751661239277,0.00018009825290985098,0.0,12.089154889848565
263.0,steady_state,baseline,,0.0,419.0994335031187,18.221461842441524,827.3601231234743,0.1519634710701435,0.00017694957571027113,0.0,11.502007983177604
264.0,steady_state,baseline,,0.0,447.03029702553005,16.094954639194036,831.253806121475,0.1354186964760136,0.00022289657384562904,0.0,9.138275335496967
265.0,steady_state,baseline,,0.0,430.48947476611227,17.182665270628306,810.5863726158,0.12477183303531503,0.0002034957772963924,0.0,11.749315186894178
266.0,steady_state,baseline,,0.0,415.5560029976075,16.400174245269447,891.6217041885557,0.1485934015467806,0.00020291240826842595,0.0,9.816325447165294
267.0,steady_state,baseline,,0.0,406.8525510015374,18.544423835882665,839.7261836131206,0.16646099051464586,0.0002100088336178358,0.0,10.679685737400757
268.0,steady_state,baseline,,0.0,462.62921858559065,18.297261210872527,875.7038659000374,0.16898431804767272,0.00024542712718544354,0.0,12.311029024548086
269.0,steady_state,baseline,,0.0,429.63731388446865,18.581137063248885,820.824511635382,0.138418044208886,0.00013635799448995814,0.0,12.582783459461472
270.0,steady_state,baseline,,0.0,425.80461547914217,18.299341655698388,867.3690558110195,0.14017333077291924,0.00020430837753749863,0.0,13.080015654874899
271.0,steady_state,baseline,,0.0,401.02487565796804,18.254109243111373,850.9381974021627,0.15538808742035448,0.00015198755801817046,0.0,12.94912169422894
272.0,steady_state,baseline,,0.0,381.4817219625984,19.204044830414652,824.4304644493759,0.14175233443830235,0.00024863778470265985,0.0,12.139239879688141
273.0,steady_state,baseline,,0.0,419.26894443021257,17.959694434708403,821.5364867421764,0.14785585701251103,0.0001838779271795465,0.0,14.358017794867376
274.0,steady_state,baseline,,0.0,439.68375555375536,19.069389677318938,858.5356313202112,0.1722083980239015,0.00020401917492805706,0.0,10.678208468330887
275.0,steady_state,baseline,,0.0,419.22912587206093,18.341421143641604,825.1816745483106,0.1457999981248908,0.0002435715191563135,0.0,12.772098916491835
276.0,steady_state,baseline,,0.0,401.78179708912495,18.38158098791236,903.2121395748527,0.13161109864843948,0.00021692661620657556,0.0,12.496275055196202
277.0,steady_state,baseline,,0.0,417.6589674628662,19.33963088624478,888.6380668682946,0.17098190630262486,0.0002455855409099598,0.0,10.618347283039087
278.0,steady_state,baseline,,0.0,418.9368953684047,18.607996302689862,863.9174130247548,0.14608643870206448,0.00019736984797074286,0.0,10.7207761654632
279.0,steady_state,baseline,,0.0,414.2506473512608,18.687332327116657,755.8006540631935,0.14726005799312203,0.00022495844059613318,0.0,13.205668463874655
280.0,steady_state,baseline,,0.0,411.7888930976545,17.61238292642571,863.9235234051504,0.1688705930825265,0.00016602066865579259,0.0,15.252148813303712
281.0,steady_state,baseline,,0.0,427.2894576382539,17.5067388984201,847.4350429653462,0.13940318303749613,0.00020965339979274496,0.0,13.503547367371436
282.0,steady_state,baseline,,0.0,416.7993130483857,18.322270789472697,843.4208049865903,0.15081418563969187,0.00016343842472841513,0.0,11.407953346105144
283.0,steady_state,baseline,,0.0,445.69448997755495,18.124443877723927,809.8040549754535,0.12353943634939551,0.00025513255208617076,0.0,13.04684561327714
284.0,steady_state,baseline,,0.0,395.27507843679086,18.0872715609828,911.2577429795803,0.14528786186761455,0.00016328197801492708,0.0,11.911994622805716
285.0,steady_state,baseline,,0.0,448.1038885033759,17.98284431242367,867.7266402497139,0.1344195190262268,0.00025938286212784676,0.0,13.169984241379636
286.0,steady_state,baseline,,0.0,419.4532115089738,19.055916531277475,837.8216388389857,0.1464918270819405,0.00022300882153408213,0.0,10.214895270472804
287.0,steady_state,baseline,,0.0,377.61401597401,20.19166560405888,824.8298742912092,0.16203412857231966,0.0002422599145495029,0.0,13.720292328004478
288.0,steady_state,baseline,,0.0,400.7228200641186,18.824361738531813,781.3972423810362,0.1662406302912973,0.00020712744928810448,0.0,12.10431716925599
289.0,steady_state,baseline,,0.0,414.09248038639146,19.38253853295543,805.8222694477386,0.18100802764775742,0.00018313212809157765,0.0,10.506789476598358
290.0,steady_state,baseline,,0.0,414.9804120964101,19.307881510734685,858.7002367353092,0.16980277975591,0.00022910818503318385,0.0,14.826851404841248
291.0,steady_state,baseline,,0.0,420.69140523522907,17.848302032856353,790.6997346466399,0.14634775106995107,0.00019117900677972558,0.0,12.975371867706045
292.0,steady_state,baseline,,0.0,445.70926203512164,17.485154654081196,832.761761937277,0.13480573755251965,0.0001414457950760661,0.0,11.95165444016199
293.0,steady_state,baseline,,0.0,445.5037985938405,16.792412996150922,855.0073508619168,0.16389527207276772,0.00013709418689069035,0.0,11.215289816884901
294.0,steady_state,baseline,,0.0,396.1764992987931,18.200277562682125,846.2613603287358,0.14680940427540506,0.00018327269690984846,0.0,11.064493158227428
295.0,steady_state,baseline,,0.0,407.42130281003364,18.797363212185616,819.263821189623,0.14258098473190117,0.0001477613884582114,0.0,11.506143993958748
296.0,steady_state,baseline,,0.0,413.035412935548,17.579552088270454,863.2251904926391,0.14599981665533543,0.0002677681537901324,0.0,10.324818855796117
297.0,steady_state,baseline,,0.0,432.3063263533343,17.221709999426995,786.7236005408502,0.13106356071255443,0.000227001071965149,0.0,13.976282052265919
298.0,steady_state,baseline,,0.0,403.88898651631195,17.136298433742272,848.5989769429297,0.14078275231568205,0.00022330005488741436,0.0,14.02301540927256
299.0,steady_state,baseline,,0.0,426.218518323933,17.659757483669733,795.0764415983514,0.14834239539258143,0.00023727767531491457,0.0,9.745106535861728
300.0,malware_emulation,attack,malware_c2_burst,0.72,217.85456592756586,44.844317422239044,1512.53228885038,213.15221712634218,0.010962082956443764,90.05474571123735,37.306920210261396
301.0,malware_emulation,attack,malware_c2_burst,0.72,207.97320098795078,40.57117025060673,1571.4348897014677,215.50234380951713,0.014532391121886055,109.43426835213505,47.794664971929706
302.0,malware_emulation,attack,malware_c2_burst,0.72,204.5287725040713,42.40439200897378,1589.49267940988,256.6945007599598,0.014131454635924757,111.46501333976616,34.345582294417305
303.0,malware_emulation,attack,malware_c2_burst,0.72,205.3904886188863,41.63620126733408,1576.4970093524166,226.0464526362873,0.008075917045964906,95.05973151074319,39.19826494358284
304.0,malware_emulation,attack,malware_c2_burst,0.72,200.84848042400887,40.49633010128632,1533.5961707931688,216.81431312499905,0.01699351685305782,109.50927554803233,33.62100468707726
305.0,malware_emulation,attack,malware_c2_burst,0.72,201.63890037935087,43.8538052730435,1652.8453166688892,230.4620750065756,0.01490267403601464,88.9813184968984,31.04651484921129
306.0,malware_emulation,attack,malware_c2_burst,0.72,200.21594720309375,44.92108044736219,1467.1841517462665,239.9586925965048,0.01459015395203796,92.39000945277701,39.976825842636394
307.0,malware_emulation,attack,malware_c2_burst,0.72,210.71940807303963,43.548694549065324,1581.7351479711342,241.6447350706441,0.009279842788336495,115.06608681371067,37.53681053040922
308.0,malware_emulation,attack,malware_c2_burst,0.72,204.27719725346492,40.89264596204203,1496.5993614006054,225.86913802516642,0.00721599732859146,105.32390307742405,40.26776626873895
309.0,malware_emulation,attack,malware_c2_burst,0.72,208.34488310013575,43.38751177769042,1648.247273305112,215.07359285376555,0.008091187033584944,104.26306122081711,42.54983552484153
310.0,malware_emulation,attack,malware_c2_burst,0.72,208.63623447886968,42.95372396395268,1507.0661734994526,234.6631226939765,0.009145733272044782,107.04919504703655,38.656297565029135
311.0,malware_emulation,attack,malware_c2_burst,0.72,208.68359054830177,43.35544498114641,1428.1726476258543,235.19295308240785,0.011833228472241577,114.51089089648752,40.581024979371044
312.0,malware_emulation,attack,malware_c2_burst,0.72,214.00544637413554,42.779565414590955,1640.0080319230856,225.9204461412829,0.015193218390285087,95.19234184061737,38.70482133252426
313.0,malware_emulation,attack,malware_c2_burst,0.72,197.43713023565013,41.565051387974215,1528.1028706411537,250.74789507673606,0.01570080124990486,90.47390816690336,40.02307579386042
314.0,malware_emulation,attack,malware_c2_burst,0.72,190.92700140601826,39.87647680595076,1532.673106940968,236.23940644648047,0.010770471229697957,99.05060254224658,41.99267429959977
315.0,malware_emulation,attack,malware_c2_burst,0.72,203.8412741516992,45.997354558157774,1593.9913092614354,224.88987880311237,0.013061999351087783,98.72930402279543,39.32275122342267
316.0,malware_emulation,attack,malware_c2_burst,0.72,200.69623047895675,40.28713351891312,1646.5311307141321,207.27682704123143,0.011963678230152708,101.20894897176235,41.67567212608009
317.0,malware_emulation,attack,malware_c2_burst,0.72,206.91050785409132,44.26088637082251,1603.2025908978571,229.2009233875455,0.013347210797634271,106.64008523631259,44.78359569970886
318.0,malware_emulation,attack,malware_c2_burst,0.72,198.61969101475017,44.42892625919621,1620.8975336336505,206.0774365935276,0.011346849070645837,99.84545034001907,39.204362006669975
319.0,malware_emulation,attack,malware_c2_burst,0.72,204.03399108311456,41.43106405829898,1570.639453129087,204.90357463563137,0.006099992098025895,95.77384630160132,38.03052715625659
320.0,malware_emulation,attack,malware_c2_burst,0.72,202.444123053856,40.78692929303729,1653.52200940088,268.540598072125,0.01019731747711809,97.33413531094789,36.24188563567138
321.0,malware_emulation,attack,malware_c2_burst,0.72,218.42221936843836,42.75827549232136,1599.0972899028295,256.7059278658579,0.012760036775992285,111.92419348095129,47.5584632914916
322.0,malware_emulation,attack,malware_c2_burst,0.72,207.6634893163021,43.09493451364657,1605.5301242801438,232.59723267981167,0.010219320615739599,90.98006739365434,40.645418101698844
323.0,malware_emulation,attack,malware_c2_burst,0.72,212.0241621653904,42.5576131786204,1567.340496758698,231.6054520854065,0.011464103816571987,102.89994953840414,41.87961045210187
324.0,malware_emulation,attack,malware_c2_burst,0.72,215.56082907826826,42.710623164154285,1673.1129784296745,208.08238517000112,0.011803199907816963,90.33221628101897,41.92447172720658
325.0,malware_emulation,attack,malware_c2_burst,0.72,212.94857652755906,43.86230742659154,1451.1941996417463,237.55244063923067,0.011277097104390801,100.9830384885293,32.13145151023452
326.0,malware_emulation,attack,malware_c2_burst,0.72,214.5795757177349,39.887065527226206,1531.5834007359097,192.0095254665307,0.010639736607357233,100.24528334905378,40.374874146299376
327.0,malware_emulation,attack,malware_c2_burst,0.72,204.2207832901355,41.90919849455406,1689.2356331691817,231.29951768743047,0.01335144992778732,88.6463461032662,34.922479892982736
328.0,malware_emulation,attack,malware_c2_burst,0.72,203.43243711645945,44.68723906386325,1604.144888367517,218.93101796419126,0.01649323772867106,115.49195398033102,39.06644114014516
329.0,malware_emulation,attack,malware_c2_burst,0.72,196.4648232859953,42.05396975954338,1525.8373348273155,199.21852873350906,0.007216413653555574,89.99734087777712,36.3994581328877
330.0,malware_emulation,attack,malware_c2_burst,0.72,207.24941225158287,44.22203711733424,1546.1273163299174,223.5532964707218,0.012199551583464164,90.04118484259767,38.88493804928924
331.0,malware_emulation,attack,malware_c2_burst,0.72,212.82105214150545,46.94065477814469,1634.7994365980587,227.47102088422238,0.010236408339085323,96.95575030802948,35.52013744579122
332.0,malware_emulation,attack,malware_c2_burst,0.72,199.13616475477917,44.76030426241982,1564.603612152821,224.74219554637102,0.0113333092942228,96.66214232665776,41.25539083004964
333.0,malware_emulation,attack,malware_c2_burst,0.72,206.08122171728843,43.84850536919535,1528.1291687875646,229.89085605255102,0.012645118946579189,101.81704256347832,44.07940938192148
334.0,malware_emulation,attack,malware_c2_burst,0.72,193.9057152425762,45.51832211466489,1527.1765937344985,231.89365260317626,0.010545715161481152,95.96968737995542,38.77990574791551
335.0,malware_emulation,attack,malware_c2_burst,0.72,216.88515981328703,44.02372513558036,1556.6728031595762,229.09537838702875,0.012351047899176982,101.60308529896308,34.488061271745146
336.0,malware_emulation,attack,malware_c2_burst,0.72,203.44100710710256,49.960686745742045,1551.048988747623,213.20873435021298,0.011977313894488792,107.10617130025842,35.96707459146398
337.0,malware_emulation,attack,malware_c2_burst,0.72,208.1633797394615,44.373439794268904,1587.3793309284895,263.12883505993045,0.012847247859458085,85.72640387203721,45.88913544024493
338.0,malware_emulation,attack,malware_c2_burst,0.72,212.59508123921867,43.834313274810356,1588.35600974863,239.31060471272494,0.011665834614158644,107.78076855969202,37.9813763025845
339.0,malware_emulation,attack,malware_c2_burst,0.72,201.6666036567542,40.557685418425145,1504.515357570254,250.4676199866762,0.010984925756904086,100.37228150998077,37.068867266281465
340.0,malware_emulation,attack,malware_c2_burst,0.72,199.5196575191136,40.99200503914369,1589.0529620947152,225.94951237331867,0.013166655020021234,110.25033186097434,36.30828403338071
341.0,malware_emulation,attack,malware_c2_burst,0.72,199.33501650631447,42.051319340737656,1511.8378908602558,248.76098611990153,0.011816244136397633,90.39894143594373,38.09805403315256
342.0,malware_emulation,attack,malware_c2_burst,0.72,226.12860203519318,41.358326230452995,1650.5836677729394,236.99911407822253,0.010376065506399901,89.29444241112674,34.68000555352458
343.0,malware_emulation,attack,malware_c2_burst,0.72,203.96220762789395,45.19236198744332,1597.2503395672609,221.24297927911655,0.013448415099948163,110.77249312115185,35.0135490274397
344.0,malware_emulation,attack,malware_c2_burst,0.72,208.46496148362473,44.51400201677615,1663.7908518165827,220.4163169996485,0.01225337312540912,108.7513460125658,37.457851358844366
345.0,malware_emulation,attack,malware_c2_burst,0.72,203.97687875249935,42.96765072724339,1546.9156563838294,251.43184852516833,0.01396982040135329,112.94175893871584,41.95919488379779
346.0,malware_emulation,attack,malware_c2_burst,0.72,213.1765638891062,46.97817159540539,1645.0263736315837,191.6968815567044,0.010001585097066055,98.85733451850035,39.71602295031574
347.0,malware_emulation,attack,malware_c2_burst,0.72,185.56054385603397,41.82790180823377,1710.7942567735336,184.98819755990954,0.012606308208132752,90.85530275586196,40.86888064729904
348.0,malware_emulation,attack,malware_c2_burst,0.72,201.93276931806952,41.41996041627884,1612.109689667337,234.62580018808987,0.015233283808659891,89.59087482275335,32.47439612570346
349.0,malware_emulation,attack,malware_c2_burst,0.72,189.90845723981025,42.27454010454097,1660.6577585163777,229.64203397691162,0.016286503077871904,107.23002230484704,42.49032814268996
350.0,malware_emulation,attack,malware_c2_burst,0.72,210.4381855267164,41.95440121807339,1714.9711145024264,232.6064774803308,0.011550910044376039,102.40760739260686,40.18686779905662
351.0,malware_emulation,attack,malware_c2_burst,0.72,206.0445551944757,45.03982193385897,1573.3921837993607,258.1187158623546,0.011220940960085881,103.41571454219364,39.24110668187198
352.0,malware_emulation,attack,malware_c2_burst,0.72,204.37535736108887,41.85726386324333,1540.6100400822477,260.43911297647924,0.015460320752139337,91.26550778002509,42.55254403321297
353.0,malware_emulation,attack,malware_c2_burst,0.72,201.18397285102458,42.69431910683858,1573.2855352383851,209.15266481059214,0.014065724253921068,91.44420279775699,36.3216506477506
354.0,malware_emulation,attack,malware_c2_burst,0.72,194.73919332238572,42.42723673359649,1570.9747532076594,250.0824796679868,0.009297765693288244,106.9204257514561,34.81152452434575
355.0,malware_emulation,attack,malware_c2_burst,0.72,205.05136000727035,39.00432384091295,1543.995611646363,276.2565413814002,0.01348514713407414,102.16505572927032,45.750605040380535
356.0,malware_emulation,attack,malware_c2_burst,0.72,215.46100879749056,45.01906600694102,1471.053173965141,250.53371954250673,0.01412558665288826,109.80861596415536,37.58986485853311
357.0,malware_emulation,attack,malware_c2_burst,0.72,195.12429550808838,39.76924002428644,1578.7184411772496,205.09018557290062,0.009809835688260212,112.7025014083428,46.28749971746522
358.0,malware_emulation,attack,malware_c2_burst,0.72,214.6426728163528,42.768297649945055,1515.0031812295572,250.4596287895453,0.009561232259877995,93.3633519856665,32.86812563723418
359.0,malware_emulation,attack,malware_c2_burst,0.72,205.11871100895712,41.196589272891636,1535.8576259493004,231.06853089458227,0.015586226560259316,111.47341844631165,41.03881986738938
360.0,malware_emulation,attack,malware_c2_burst,0.72,199.01788248381854,42.12468544159055,1519.7900654867074,232.8006933194162,0.010123151193080611,94.63358428630387,44.42106638969048
361.0,malware_emulation,attack,malware_c2_burst,0.72,200.9034899582543,43.88392238556912,1605.7977757198237,239.40407301965976,0.006623043297986281,110.60125094907036,44.75437959866881
362.0,malware_emulation,attack,malware_c2_burst,0.72,202.51836031569516,44.46165578998311,1577.8929461573412,235.21150067182057,0.012443001572980996,87.72093739965241,40.76371207502714
363.0,malware_emulation,attack,malware_c2_burst,0.72,189.67899459879706,41.81706202000512,1641.1130715680592,242.56285578827035,0.013464677995831727,108.15571798174874,44.964261804005396
364.0,malware_emulation,attack,malware_c2_burst,0.72,199.82244982188578,42.75244314147226,1484.5942827924139,259.30661242784066,0.01479513705439136,111.48175821858091,37.190694097099566
365.0,malware_emulation,attack,malware_c2_burst,0.72,206.4400518999731,40.81445396593637,1517.3099515435704,247.55869884747352,0.010978879003716269,97.63087296044584,28.713709497017984
366.0,malware_emulation,attack,malware_c2_burst,0.72,209.2209272172798,42.41248194812372,1521.3202928132387,201.0365781110816,0.011084104903472428,108.12157671705832,37.55390833990945
367.0,malware_emulation,attack,malware_c2_burst,0.72,195.51279847657852,41.244516459197435,1534.318849167764,236.95929047816114,0.014687050512553965,91.63969878936105,46.656540263874184
368.0,malware_emulation,attack,malware_c2_burst,0.72,206.56489963326013,38.36430089591631,1549.293433097119,251.47562609054265,0.014191850765108536,92.70368974480047,45.32158654337002
369.0,malware_emulation,attack,malware_c2_burst,0.72,214.8984172417527,38.31101573084398,1542.2694137325964,224.14223794439437,0.011860539734925055,93.95005095511308,41.11531153630724
370.0,malware_emulation,attack,malware_c2_burst,0.72,214.06714871459047,38.57162105119156,1607.118590628846,198.1342410061434,0.013065323455180832,91.35495102406499,39.49122602433226
371.0,malware_emulation,attack,malware_c2_burst,0.72,188.62334973283782,42.87005661507795,1455.4227334709105,254.09474058606563,0.009413429057426991,113.36576225431139,35.80034964059937
372.0,malware_emulation,attack,malware_c2_burst,0.72,214.2233474612862,43.97515213127572,1566.1258963704602,252.25941779621695,0.0192967572030748,100.92531354182542,34.9608815400894
373.0,malware_emulation,attack,malware_c2_burst,0.72,213.58642675207736,45.72140558998536,1472.4808719394753,254.0957410542523,0.011459654642519867,103.1737430010958,36.30511286674786
374.0,malware_emulation,attack,malware_c2_burst,0.72,206.90899106780932,43.8370800355037,1533.5040503606492,219.6425789974499,0.011915319993084417,113.9624776108996,42.67489222446076
375.0,malware_emulation,attack,malware_c2_burst,0.72,221.95468547881384,41.890050884593,1525.7725803339624,198.11241900555336,0.007079136516269792,115.35035177932583,37.974441090521985
376.0,malware_emulation,attack,malware_c2_burst,0.72,204.2799888202916,41.3920080745551,1542.213754537049,211.00353963796144,0.011467314462361362,108.60033379553356,45.789634329699226
377.0,malware_emulation,attack,malware_c2_burst,0.72,200.48882486585003,42.68487845294209,1524.9053927914033,223.4134897597698,0.014226929820589141,112.73923887532877,40.69125865523415
378.0,malware_emulation,attack,malware_c2_burst,0.72,206.64457438909164,42.04337212852399,1493.5005011659355,220.8312999794171,0.007549539837067692,93.5553281716256,37.359577250084634
379.0,malware_emulation,attack,malware_c2_burst,0.72,214.55198068294942,44.15720606161002,1552.1487401301051,225.11590505429064,0.010676271618458534,101.05294646639236,40.72865443704689
380.0,malware_emulation,attack,malware_c2_burst,0.72,200.50914698120832,44.04105982370665,1498.1681653342237,242.46885186941313,0.015184490295883084,86.73976906788226,35.86803698963108
381.0,malware_emulation,attack,malware_c2_burst,0.72,201.26679429031387,40.733889149450206,1550.0210420619817,239.07568068003272,0.016382662770162298,109.8308253484275,36.74016928010138
382.0,malware_emulation,attack,malware_c2_burst,0.72,201.86750341759108,40.25009435179295,1585.9566770991094,230.55029273268093,0.013694250734208697,87.65444686753712,42.403801631009586
383.0,malware_emulation,attack,malware_c2_burst,0.72,212.3179531194052,41.530379226708106,1658.6227305604534,245.71539975994034,0.014031512321341784,109.36955882397524,42.139663288671656
384.0,malware_emulation,attack,malware_c2_burst,0.72,202.35152015735252,39.06751599684912,1595.134699019573,265.4083983776724,0.011372994475936536,100.95897367107739,28.985545817293634
385.0,malware_emulation,attack,malware_c2_burst,0.72,196.1829386220954,42.236722659288354,1530.4217476052252,237.20122055306038,0.010880157217502498,103.92654488361602,37.70033449521996
386.0,malware_emulation,attack,malware_c2_burst,0.72,211.7165638096268,43.0696887848729,1651.112491435298,204.99387059296825,0.01051875945649562,99.19306811791563,37.13312413572563
387.0,malware_emulation,attack,malware_c2_burst,0.72,198.33415630929844,41.13636900364203,1501.4889111023733,251.34130605421365,0.013282695464856775,102.70374693743636,39.7921817675004
388.0,malware_emulation,attack,malware_c2_burst,0.72,191.49249079755995,44.73476830768912,1533.039058649384,227.309691428127,0.014475828766087507,108.52006518343421,41.53061715150093
389.0,malware_emulation,attack,malware_c2_burst,0.72,202.11930137395876,40.83518121235436,1643.8062730180166,212.3259791894789,0.008137098124054507,110.88557903169668,38.04497914914621
390.0,malware_emulation,attack,malware_c2_burst,0.72,203.68814682620322,42.68444721394044,1551.4456066469932,230.46636690724415,0.00972823727916656,89.3191614568801,41.50875694115371
391.0,malware_emulation,attack,malware_c2_burst,0.72,220.19028916187517,40.62286952549608,1548.8285114546622,229.76683739069497,0.010444629973473488,86.83891564225502,30.058304255167535
392.0,malware_emulation,attack,malware_c2_burst,0.72,201.4632418380038,41.34572477411034,1517.0967534881324,235.48953991806576,0.008890316159565903,102.84903889264041,42.69458737183247
393.0,malware_emulation,attack,malware_c2_burst,0.72,217.9427391922861,45.250488089641244,1583.8623027846386,228.96296124242676,0.016276193180652637,104.57231214652386,32.12085928743404
394.0,malware_emulation,attack,malware_c2_burst,0.72,203.90439362646387,46.7716292099385,1524.5784224763604,199.24912219141552,0.013164676340723045,94.3081815502092,36.77781628489913
395.0,malware_emulation,attack,malware_c2_burst,0.72,202.74032502540013,42.11621932998147,1529.4359430706704,212.85229689443653,0.009307606065428879,106.10878894188212,40.030743278580914
396.0,malware_emulation,attack,malware_c2_burst,0.72,189.42415583810651,40.903043684820595,1387.9408382869835,213.29464521537588,0.01593980498063108,112.28732829431262,38.84084497278771
397.0,malware_emulation,attack,malware_c2_burst,0.72,209.74837414932662,42.559229056843506,1571.9481727170842,241.8806961130931,0.012151532385024123,103.68974372245272,34.25138650697189
398.0,malware_emulation,attack,malware_c2_burst,0.72,205.1952588618506,42.23381753971275,1608.4460928618032,206.47869634945917,0.010133493685564942,92.36054216130812,43.727148231723774
399.0,malware_emulation,attack,malware_c2_burst,0.72,201.84120011483176,41.230836198246685,1610.8822692475921,222.35159743846896,0.014134816357225403,86.56445149898214,40.47522275661729
400.0,malware_emulation,attack,malware_c2_burst,0.72,203.23424830981833,42.33858040690588,1466.695343651898,243.80836554013524,0.012855688486501218,89.85829382872842,40.76062033602077
401.0,malware_emulation,attack,malware_c2_burst,0.72,208.44888310194236,43.45671767607649,1539.2670823823237,248.03482995243633,0.010418983807465481,87.41354147313228,35.53333811443063
402.0,malware_emulation,attack,malware_c2_burst,0.72,208.74051700847318,45.351480044326806,1594.267508261614,203.31995096405683,0.011657948435872093,113.56267418361051,38.52266869229183
403.0,malware_emulation,attack,malware_c2_burst,0.72,204.11775937692013,40.393796933867726,1431.0908201801933,230.5533824592576,0.008706277762992674,87.8322378220412,43.83039012044511
404.0,malware_emulation,attack,malware_c2_burst,0.72,200.32281742404794,41.08681043700652,1577.4007949467639,200.42204971422157,0.016469781113166382,92.1110088194807,35.632019383103604
405.0,malware_emulation,attack,malware_c2_burst,0.72,204.0559882065895,44.2031914576418,1599.1639799310767,208.55133283017278,0.0113044697848758,92.77589303546628,36.84852788921775
406.0,malware_emulation,attack,malware_c2_burst,0.72,217.961399370932,42.63350412919374,1636.028159678586,237.827086540013,0.011642061978499726,103.949947503703,42.20267693635876
407.0,malware_emulation,attack,malware_c2_burst,0.72,198.30498694474048,45.27935604722201,1656.1654725868577,215.49902281332064,0.012149551526709717,96.21761202171274,43.37505046250248
408.0,malware_emulation,attack,malware_c2_burst,0.72,210.27959652816665,43.613130500075535,1561.5527940065263,279.0045926201063,0.01114908116616276,113.4460184359125,42.56751552526275
409.0,malware_emulation,attack,malware_c2_burst,0.72,196.52174770447695,41.66426180468567,1608.1734544668075,242.46319594086594,0.012229310360150465,102.77063121732293,40.27196177173103
410.0,malware_emulation,attack,malware_c2_burst,0.72,215.29142170823735,44.84340775264123,1600.092065536574,239.3291567392489,0.010660626976123255,88.00122049093068,41.07381915346647
411.0,malware_emulation,attack,malware_c2_burst,0.72,208.72997223304546,45.54638438442314,1592.8827747620237,219.31774983718907,0.010616300963059952,90.82926062932712,45.6218470624873
412.0,malware_emulation,attack,malware_c2_burst,0.72,199.88207525421043,38.372756686934906,1609.5842006051714,228.0188684528628,0.01567507157538338,89.37886841715583,40.388392358678985
413.0,malware_emulation,attack,malware_c2_burst,0.72,213.8669213372932,45.50758937021265,1536.4735699192727,248.3359593210412,0.01544104597617975,105.58912134267942,38.05904662518513
414.0,malware_emulation,attack,malware_c2_burst,0.72,216.37612947796623,43.39195460056739,1604.6141512754346,231.95976295031036,0.013745858300675654,93.54847400609445,41.82147214488284
415.0,malware_emulation,attack,malware_c2_burst,0.72,203.22089370825773,44.98254616261762,1579.043862346802,213.16845230218965,0.009638321546718589,107.97000564856192,45.9067691099873
416.0,malware_emulation,attack,malware_c2_burst,0.72,190.3478600427566,45.107211638308904,1515.5087050018656,237.85836297612965,0.01390645480789124,88.63683833880741,48.73724016428774
417.0,malware_emulation,attack,malware_c2_burst,0.72,211.7326143818334,45.78974372654379,1774.27223616601,254.701559291032,0.011770903495209775,91.0992003825859,44.614948598603576
418.0,malware_emulation,attack,malware_c2_burst,0.72,201.83979829641538,41.26944971079489,1588.012988719481,246.672044439318,0.011795910174500455,108.2136318099462,36.698405833424495
419.0,malware_emulation,attack,malware_c2_burst,0.72,213.91876147157367,42.549039984298155,1598.4665693045888,226.16910270435406,0.01071421518531797,111.44507647221484,35.98315725908826
420.0,cool_down,recovery,,0.0,352.2926897167768,24.094526060097984,894.4756935481945,8.853497944899425,0.002101504720599494,0.0,10.692545878394276
421.0,cool_down,recovery,,0.0,345.7738932890458,23.972562041906496,942.4489568125033,7.817853381678001,0.002373197539141743,0.0,11.708892611445862
422.0,cool_down,recovery,,0.0,375.24788162995674,23.49764957264399,891.5005467382751,7.691361942529346,0.0018352065915390376,0.0,13.758041971163138
423.0,cool_down,recovery,,0.0,353.8076121369454,24.443856869253434,938.1878818018471,7.8386973714542085,0.0020636070101866036,0.0,11.066704966129631
424.0,cool_down,recovery,,0.0,373.56160420065396,25.49263875211646,921.4170134141984,8.384421765554194,0.002693770149559812,0.0,15.376303370167541
425.0,cool_down,recovery,,0.0,374.1634968334795,25.100359993549265,904.5386506860096,8.04697725320794,0.0013784413044770885,0.0,11.966473378099847
426.0,cool_down,recovery,,0.0,415.12875703033615,24.033126625240357,946.3822072849719,8.52770844736809,0.0020869662808998316,0.0,10.36795349222687
427.0,cool_down,recovery,,0.0,379.7637390977968,23.98488974692581,883.4888702026569,8.43354347621461,0.0024242326264273906,0.0,9.47562039806062
428.0,cool_down,recovery,,0.0,400.091185329017,26.19031297108513,967.5475770345257,8.37556561452121,0.0022305914647888767,0.0,10.892319183582984
429.0,cool_down,recovery,,0.0,363.55699891862236,24.205615680288314,921.4770096315493,7.202326337996244,0.002334621522655504,0.0,11.754910997647233
430.0,cool_down,recovery,,0.0,383.3787741740735,22.586552661810114,926.2995524370689,8.140561216782274,0.0025968303843824756,0.0,14.005604403811454
431.0,cool_down,recovery,,0.0,398.394918782565,27.063146911872177,978.42114404994,8.55756011234073,0.0023306732647958533,0.0,11.415593841028256
432.0,cool_down,recovery,,0.0,387.3002223303252,25.67101418669938,931.4573622231846,8.037696667194846,0.0020982617828390897,0.0,10.317795234383752
433.0,cool_down,recovery,,0.0,383.59534220452616,25.361159410923417,922.2353946056842,8.665444009582837,0.002218079384555095,0.0,12.57606031721467
434.0,cool_down,recovery,,0.0,346.00706545720817,23.736179129236678,906.2971193800462,7.090912239875587,0.0016077913514394879,0.0,10.189707853677094
435.0,cool_down,recovery,,0.0,381.9100260074639,24.993487370243233,980.9366714732259,6.651105840006892,0.0015128594355885902,0.0,12.492919621030573
436.0,cool_down,recovery,,0.0,377.2389451941745,23.463940778016493,948.3019234546744,8.779431580322667,0.0022227518624796947,0.0,10.659930041599926
437.0,cool_down,recovery,,0.0,353.5334224183826,23.92463716968432,992.5934574823812,7.31572317703886,0.0019124211865648366,0.0,12.545098230565744
438.0,cool_down,recovery,,0.0,379.7403657846151,24.087574142277234,933.0676301528362,7.8278846831664834,0.0016282438945835417,0.0,9.43794484855038
439.0,cool_down,recovery,,0.0,383.2081699056013,24.33392474400083,945.2408412300449,8.863265035071246,0.0023119474266400267,0.0,12.384056814955386
440.0,cool_down,recovery,,0.0,378.78033742149864,25.374709403413103,898.5786992589198,8.49452480487434,0.0020293855769250796,0.0,11.003518849472856
441.0,cool_down,recovery,,0.0,378.3038308254062,23.481677382290343,958.6154477851697,8.541171988650213,0.001990434960239827,0.0,11.397907420751226
442.0,cool_down,recovery,,0.0,350.86446961622056,25.375321282592566,956.7336425842057,7.929166417692807,0.0014134228815299897,0.0,11.17607797915849
443.0,cool_down,recovery,,0.0,388.52296635569564,23.938337778740276,936.9831509079077,7.456269927295972,0.0018304159168237005,0.0,11.900675863497986
444.0,cool_down,recovery,,0.0,382.95519917391675,23.136656588207714,908.055497661275,7.894855761304111,0.002006794831996376,0.0,10.597420064220575
445.0,cool_down,recovery,,0.0,369.19962139416504,23.528761318250723,909.5508527312579,8.43706198607373,0.0021499263072347384,0.0,12.248543055842315
446.0,cool_down,recovery,,0.0,373.1013780335052,22.499985960418787,903.9833287343928,7.679328625198026,0.0020421449255280826,0.0,12.862273182028412
447.0,cool_down,recovery,,0.0,389.71514441308636,26.955943899724666,852.7221422758984,8.846733061660634,0.0024341749136925737,0.0,13.557317248881153
448.0,cool_down,recovery,,0.0,367.74391924721846,25.07604217089821,935.1830028928308,7.840752777519552,0.0017722271194357945,0.0,14.842305808744616
449.0,cool_down,recovery,,0.0,351.98179249993694,24.773860071881664,974.9803307909289,7.663024396311529,0.0025358845350612075,0.0,12.170356232189349
450.0,cool_down,recovery,,0.0,370.7329366904133,24.522028699139412,876.9398249948836,6.623784874812552,0.001611238067892753,0.0,12.440355291054747
451.0,cool_down,recovery,,0.0,358.1233889016562,24.08850409838391,889.7618218992158,7.191287470290872,0.0020663767682477336,0.0,10.940938434174544
452.0,cool_down,recovery,,0.0,329.16494336449784,24.07063950234308,918.7548876128135,7.659135202104421,0.002317760698508025,0.0,11.692266005770206
453.0,cool_down,recovery,,0.0,390.9979555041569,24.72371832461449,960.9350477639713,7.431710557841175,0.0023956976462780155,0.0,13.455868644106157
454.0,cool_down,recovery,,0.0,379.3728267137172,24.38174519585227,942.5062706211729,8.510221889448614,0.0016454876934497377,0.0,12.843650463424982
455.0,cool_down,recovery,,0.0,397.1470899002025,26.415359518484014,932.8505814652392,8.536282848418717,0.0017044242495526545,0.0,12.672139132490768
456.0,cool_down,recovery,,0.0,371.0080424547002,21.7371005931645,992.96054636611,6.943017255012417,0.002116776954576239,0.0,9.778709775244081
457.0,cool_down,recovery,,0.0,362.0661186553541,24.29003128837382,904.5971291049118,8.090033866701676,0.001976867900808573,0.0,12.876831177325755
458.0,cool_down,recovery,,0.0,360.8945376650741,23.470114387315068,950.6723213891121,8.225076121778335,0.0020731846276739697,0.0,12.539367648236157
459.0,cool_down,recovery,,0.0,384.53408814913985,26.670827726867063,933.2585080233314,7.742140971712865,0.0024009340329758312,0.0,12.480781330621149
460.0,cool_down,recovery,,0.0,360.6576210714617,26.671780088037305,935.5744605667437,7.855817021963216,0.002262715976619922,0.0,9.478030492685122
461.0,cool_down,recovery,,0.0,378.4855450267068,23.95263466089926,939.1196037436011,6.741905057838961,0.0020282450504628727,0.0,12.953814902061707
462.0,cool_down,recovery,,0.0,380.6435890483357,24.51113903274557,885.6486838420603,9.132403352052282,0.00202371370112436,0.0,11.416182815132707
463.0,cool_down,recovery,,0.0,353.1048311137071,23.557252589738088,937.9094653485936,8.043522004482833,0.0019450324244047507,0.0,11.80194275090319
464.0,cool_down,recovery,,0.0,341.7264935257783,25.809017330460172,966.1125639363191,7.932777633905211,0.0014876757353753582,0.0,11.512601396741802
465.0,cool_down,recovery,,0.0,365.37943934496457,23.294701509225984,919.9554714044576,7.509472352403738,0.0017724384148649448,0.0,10.976749024937517
466.0,cool_down,recovery,,0.0,343.60356718375306,26.227411062788004,939.003459099097,7.580849535921803,0.0014270318958991353,0.0,13.333781955694233
467.0,cool_down,recovery,,0.0,375.5620469294119,23.85670529896378,953.2059264739778,8.94526484523227,0.002270052651212033,0.0,16.14883391023622
468.0,cool_down,recovery,,0.0,359.28360603866764,25.79383989588712,889.7236841869501,7.841303935966234,0.0017827655751916375,0.0,12.847591385821879
469.0,cool_down,recovery,,0.0,377.60178396700854,24.173980074928267,908.136149698336,8.044274986728283,0.0020799639415843905,0.0,12.70363559672213
470.0,cool_down,recovery,,0.0,360.2345299548475,22.700929059423686,989.311867376407,8.799968437519292,0.001590397841573706,0.0,14.45769594480728
471.0,cool_down,recovery,,0.0,364.5062106744471,25.56322429522905,844.5881509954886,8.495819505221476,0.001686844821214685,0.0,11.76983546952847
472.0,cool_down,recovery,,0.0,354.3226796741039,24.230047690342115,931.9939480552296,8.939031697670753,0.0015372070206452512,0.0,13.21598425885216
473.0,cool_down,recovery,,0.0,398.0525575300184,26.581334885586763,985.6407721586282,8.122276353402878,0.0014086785811358259,0.0,12.695368477834164
474.0,cool_down,recovery,,0.0,380.95243123340975,21.92232189156611,936.160306592875,7.031225078639613,0.0018097872655892977,0.0,12.931184845968309
475.0,cool_down,recovery,,0.0,374.95146383687245,26.78686023359033,996.2925962190324,7.982702192020822,0.0023887483013269807,0.0,12.821096954188883
476.0,cool_down,recovery,,0.0,369.8648859907364,24.572305271455086,907.2784646707742,8.625627580593305,0.0023190671630978423,0.0,10.69067055917258
477.0,cool_down,recovery,,0.0,368.5366586037497,23.48464163353908,917.6356609840091,8.409236428363535,0.0017658130096955154,0.0,14.00642321313051
478.0,cool_down,recovery,,0.0,394.1571900430094,22.914830145514692,919.8661536301184,7.848885077104175,0.002031031073219904,0.0,12.430624856127
479.0,cool_down,recovery,,0.0,363.5941282309112,24.76196773355091,969.3397770384635,8.346358013515081,0.002209317345053128,0.0,10.321294486362902
480.0,intrusion_portscan,attack,intrusion_port_scan,0.65,201.72986771099823,43.41351689720909,1527.9040008210657,228.8855512181541,0.017616764064204284,134.76914636964477,33.654658564313046
481.0,intrusion_portscan,attack,intrusion_port_scan,0.65,201.4944567802727,44.04019343467579,1581.4800685654166,246.74096283892735,0.007584096206304703,143.7175057536898,28.829582630440342
482.0,intrusion_portscan,attack,intrusion_port_scan,0.65,214.00518217070808,44.98196956501066,1522.3416196385333,223.7382551766712,0.010742722434058351,149.57306328646996,27.378403575651006
483.0,intrusion_portscan,attack,intrusion_port_scan,0.65,209.38221598677046,45.874214036716566,1462.1237633840117,240.95973778398866,0.011337826417176757,140.9971802866352,33.17007147750594
484.0,intrusion_portscan,attack,intrusion_port_scan,0.65,195.27121551704016,41.74180691213675,1627.959127685275,221.0011625580789,0.01156127534883969,144.27739490176546,35.202640765560034
485.0,intrusion_portscan,attack,intrusion_port_scan,0.65,219.65510468856215,40.79629731576244,1619.896161708836,215.78498648776807,0.012739314998039052,125.74079022197493,37.78477493865986
486.0,intrusion_portscan,attack,intrusion_port_scan,0.65,216.42836789932164,41.87014100919413,1542.5754712462367,249.36961355969552,0.012999479562538887,153.80646112863226,39.16167522932369
487.0,intrusion_portscan,attack,intrusion_port_scan,0.65,216.51510679601427,44.75095009218654,1549.5269744373586,227.79339917146692,0.012966538833826572,155.82938104453467,43.780566997499875
488.0,intrusion_portscan,attack,intrusion_port_scan,0.65,210.3705715184965,44.28233014271841,1536.8278058813444,234.92772425168732,0.010554580198823766,136.5699760689402,40.402195596391124
489.0,intrusion_portscan,attack,intrusion_port_scan,0.65,197.87002714545454,42.82586459476995,1628.6539054511397,209.73011769797733,0.014597165979931243,163.45181345592817,34.87355998864705
490.0,intrusion_portscan,attack,intrusion_port_scan,0.65,215.4847668338653,40.91816695267471,1521.5081548025676,222.19597891289976,0.010274948458241347,141.7476312032949,39.20999491430493
491.0,intrusion_portscan,attack,intrusion_port_scan,0.65,203.45408244141888,43.69453848704505,1549.6388897662625,196.4613991789815,0.010015646854808961,132.3517431586589,32.82869481096861
492.0,intrusion_portscan,attack,intrusion_port_scan,0.65,196.6902897137927,45.20971836819651,1645.1954257123696,199.44113819677008,0.008173459958083655,154.5905655709303,31.96262195621885
493.0,intrusion_portscan,attack,intrusion_port_scan,0.65,198.92353221540918,43.82643221617242,1588.6656925485197,214.4185135135871,0.012073710907875243,122.49362657026306,26.828026684930336
494.0,intrusion_portscan,attack,intrusion_port_scan,0.65,211.65014041965068,42.65948692928735,1504.9069775702644,222.90474805593468,0.013147341850315887,161.3414098502387,35.951330369206985
495.0,intrusion_portscan,attack,intrusion_port_scan,0.65,201.0362857327817,45.481533222032226,1516.868435789205,244.6488636724105,0.013961242568687734,143.28480640638315,32.330040024584385
496.0,intrusion_portscan,attack,intrusion_port_scan,0.65,203.5667816863131,44.03327890424075,1534.2152356261824,214.0990807340484,0.010984158794626605,147.23345873031255,30.602442568031613
497.0,intrusion_portscan,attack,intrusion_port_scan,0.65,203.37354202508757,45.51352647068595,1681.8246414328914,236.7272031969125,0.012308090540494164,129.92131717169028,23.713608788492955
498.0,intrusion_portscan,attack,intrusion_port_scan,0.65,226.9991785262677,42.48054825406178,1452.0751044046153,209.14706746555885,0.012444297848023964,163.41593021366663,28.711323733271318
499.0,intrusion_portscan,attack,intrusion_port_scan,0.65,225.6453260377316,39.63593150242372,1480.3248628565536,232.35669409442258,0.012225639437431475,160.1761089759571,34.94528149865861
500.0,intrusion_portscan,attack,intrusion_port_scan,0.65,209.5190553154776,42.591470638768975,1567.6713599396942,229.23264506331805,0.012129178278056894,144.74653518406797,33.264895150079404
501.0,intrusion_portscan,attack,intrusion_port_scan,0.65,220.01681949505564,41.84329806259265,1605.181090065335,195.6685997002929,0.013438153796008179,140.58398286850084,31.335436288393886
502.0,intrusion_portscan,attack,intrusion_port_scan,0.65,207.4786274879323,41.6947917471808,1587.861121951044,202.06506609035907,0.010470366464219664,152.43864032024817,38.134598127383974
503.0,intrusion_portscan,attack,intrusion_port_scan,0.65,198.24771809837222,40.87172581674739,1629.9497642792464,171.68076741944986,0.01453328888951949,131.41581302723532,32.041836421241065
504.0,intrusion_portscan,attack,intrusion_port_scan,0.65,212.651383597782,44.25607757820576,1580.0881243971537,222.27148570900837,0.014259046301377618,147.89669959013298,31.540309323697056
505.0,intrusion_portscan,attack,intrusion_port_scan,0.65,193.52235163440724,44.62157969675544,1456.7544954994707,216.63905289043555,0.0082940134032061,123.83248640945675,43.01740635024974
506.0,intrusion_portscan,attack,intrusion_port_scan,0.65,215.1793126264111,44.78076062708865,1636.5425564736186,230.49453925067326,0.01682523515053046,131.7815806068965,32.18618038166469
507.0,intrusion_portscan,attack,intrusion_port_scan,0.65,212.76532137065934,42.64727875221329,1572.9704752980342,230.46065108414638,0.010661291347618639,125.34219858715703,33.81150864138607
508.0,intrusion_portscan,attack,intrusion_port_scan,0.65,206.496235254273,44.07365110898944,1534.265415550127,204.97077772125377,0.013709770324026265,133.4850369111191,32.17758852377558
509.0,intrusion_portscan,attack,intrusion_port_scan,0.65,204.1343384957399,43.74711350740324,1445.2028946715939,206.7112647585212,0.01571741522691022,123.67511818488994,36.72251736557511
510.0,intrusion_portscan,attack,intrusion_port_scan,0.65,206.65821119360467,44.40119854954818,1619.8667032632504,215.01540039486179,0.011308306671169617,150.03079105386024,35.56220071786579
511.0,intrusion_portscan,attack,intrusion_port_scan,0.65,218.43572837627462,39.3610422351244,1587.9155544447817,233.56529919191144,0.012000067456243506,133.72616009640768,31.627764593147035
512.0,intrusion_portscan,attack,intrusion_port_scan,0.65,207.06199890427004,41.64285594235274,1476.1320782634275,203.72911124248927,0.012858127402545083,133.35313193707358,34.521039419904284
513.0,intrusion_portscan,attack,intrusion_port_scan,0.65,214.04483583325998,44.52597758296609,1525.5148509354037,206.50153600842074,0.013890118405631889,125.65416108772976,29.227977930865165
514.0,intrusion_portscan,attack,intrusion_port_scan,0.65,214.0657940069422,44.64723752171001,1561.7549335838871,200.88321659183475,0.01309704733389759,124.83467815075574,35.65295349554354
515.0,intrusion_portscan,attack,intrusion_port_scan,0.65,190.65151703405618,42.37179262042723,1621.16541704944,218.30037728117784,0.009864875616522434,132.94034799055294,33.28490058931281
516.0,intrusion_portscan,attack,intrusion_port_scan,0.65,202.0302737841365,42.66663036987714,1611.0419131239971,174.03394050967987,0.01104592857805839,138.45882575126672,35.67126909752824
517.0,intrusion_portscan,attack,intrusion_port_scan,0.65,217.8148337614731,41.62081733576797,1685.6162021944033,197.42273010434332,0.011012413049091004,160.40299869536904,33.787608854321874
518.0,intrusion_portscan,attack,intrusion_port_scan,0.65,201.86079523327865,45.31220214774457,1554.6223351496403,196.4712124545223,0.013870085121825356,152.8524683705559,33.28077213678094
519.0,intrusion_portscan,attack,intrusion_port_scan,0.65,201.94473161062436,43.85785628379089,1472.6975028361355,234.87773960386212,0.007829935433213699,136.3482685885708,30.82899706154185
520.0,intrusion_portscan,attack,intrusion_port_scan,0.65,213.337209403099,42.84320109017101,1631.7724967924569,214.0924497060497,0.013890869406045543,126.11389728854097,35.20892988240763
521.0,intrusion_portscan,attack,intrusion_port_scan,0.65,219.29511945959942,41.850186110811684,1592.8656282896118,224.6627237034058,0.01239013286744686,158.2760948561042,33.74912489397656
522.0,intrusion_portscan,attack,intrusion_port_scan,0.65,199.18399674922563,44.95710183682935,1544.5485661247092,225.45675684230352,0.011301204788462145,144.10066281935607,36.71361178983885
523.0,intrusion_portscan,attack,intrusion_port_scan,0.65,214.74899893610365,41.076511154816416,1526.4268840947805,189.59249160759742,0.010656213314509472,145.34930344333634,25.534321819834435
524.0,intrusion_portscan,attack,intrusion_port_scan,0.65,204.16119898201524,44.488058885513055,1661.8622930851334,236.69744114401456,0.014195308974775493,141.9736968109622,30.362574627611625
525.0,intrusion_portscan,attack,intrusion_port_scan,0.65,201.9853985009618,41.0149007329612,1632.3653321190773,244.15449301830665,0.011242970184952497,141.67950888511612,35.44851476680972
526.0,intrusion_portscan,attack,intrusion_port_scan,0.65,212.97907233565323,46.75478103190629,1529.9745597370043,214.9357175066872,0.01176673171149843,151.44205529980866,30.493951660155965
527.0,intrusion_portscan,attack,intrusion_port_scan,0.65,199.4084154644271,43.8787062439827,1548.208220850809,199.94393583901294,0.012781771043088253,122.51057696424981,35.84313467745593
528.0,intrusion_portscan,attack,intrusion_port_scan,0.65,219.08942374240885,43.48179448771687,1508.3665181341107,199.42556002376085,0.01016005369591907,136.04061328596268,32.3569419644333
529.0,intrusion_portscan,attack,intrusion_port_scan,0.65,198.10680126555351,44.543742501051966,1620.7691183866189,223.84009581231788,0.011728387687109917,133.33326955304315,34.8636579437291
530.0,intrusion_portscan,attack,intrusion_port_scan,0.65,204.23714168353212,44.10603767670177,1560.9105871882687,198.91816845916495,0.014001320431779395,133.53415227991718,33.36618732468081
531.0,intrusion_portscan,attack,intrusion_port_scan,0.65,214.7245014092661,44.59369901121425,1567.6849826512869,174.7343091210657,0.011414557087267288,133.41505656790207,34.35198195637602
532.0,intrusion_portscan,attack,intrusion_port_scan,0.65,208.14893228224943,42.65737423937626,1565.6521785477732,200.66070570116338,0.011437418126811146,135.39724963360555,28.54010851820445
533.0,intrusion_portscan,attack,intrusion_port_scan,0.65,203.30313788165827,41.59328585021926,1547.185088234206,215.1679365040695,0.006991494290412652,146.9761894575487,41.89988791208764
534.0,intrusion_portscan,attack,intrusion_port_scan,0.65,206.30812194718084,44.4396876816392,1638.1861607424967,231.5303791238465,0.009021306428961052,136.22632772322814,35.11160006793308
535.0,intrusion_portscan,attack,intrusion_port_scan,0.65,208.23647104557423,44.11011027659973,1556.3091819467897,219.61811405892587,0.012334315117932525,157.52731091699238,26.230346730999493
536.0,intrusion_portscan,attack,intrusion_port_scan,0.65,209.75745024402386,43.772539648805505,1528.1049432519937,206.69707360938563,0.011819044761327722,124.752037043785,36.07443143541502
537.0,intrusion_portscan,attack,intrusion_port_scan,0.65,198.34344557789353,45.739055969479026,1512.0404347266199,228.90039985319825,0.009055949434576016,160.342242960065,28.607368590373518
538.0,intrusion_portscan,attack,intrusion_port_scan,0.65,204.04102304705424,40.90282157860797,1592.785586461091,194.65475463895655,0.010777317205364885,138.35206527235903,31.28710106449892
539.0,intrusion_portscan,attack,intrusion_port_scan,0.65,212.72776628939974,42.63841505817274,1611.18067907233,202.9087792495668,0.011354679119880615,140.60323142467857,33.389276425329896
540.0,intrusion_portscan,attack,intrusion_port_scan,0.65,207.82862381291713,43.5834249981253,1578.6496819297029,238.66894348206395,0.012241814601425729,152.19338269773885,36.568472106611324
541.0,intrusion_portscan,attack,intrusion_port_scan,0.65,201.73613349203976,39.889927261198295,1616.7291737881685,201.48360393067932,0.007891186008734475,153.17210422628284,35.41495209245918
542.0,intrusion_portscan,attack,intrusion_port_scan,0.65,205.35449718317864,40.013164157036755,1538.4997605050926,211.96790089063558,0.012631536402872354,163.47247894827393,25.649563181093583
543.0,intrusion_portscan,attack,intrusion_port_scan,0.65,210.06760334463448,46.9537349622504,1572.2252465411768,234.04349065284808,0.011915737875221042,163.5576954736023,30.055188786785006
544.0,intrusion_portscan,attack,intrusion_port_scan,0.65,220.85821287446228,46.303016384314574,1505.5716229664165,234.5973196034881,0.010414482751882125,130.16727568513565,32.12435585242429
545.0,intrusion_portscan,attack,intrusion_port_scan,0.65,207.05898168758898,43.49567121977296,1626.7385096768005,228.63853547471842,0.006377489622723514,134.91932485194047,41.65632242865712
546.0,intrusion_portscan,attack,intrusion_port_scan,0.65,210.8447383085028,43.29585839956948,1658.1446619338863,208.9217586440101,0.012784208023011322,125.37816214780158,32.51463795852371
547.0,intrusion_portscan,attack,intrusion_port_scan,0.65,205.80264959481104,38.206901132615904,1499.81246133834,203.53422108587864,0.010195689866800995,138.65133971138454,32.14353711164294
548.0,intrusion_portscan,attack,intrusion_port_scan,0.65,202.73729227390797,43.06819542897216,1504.879468764456,210.6294617305008,0.008225123547787722,148.7017844490364,37.31844081162588
549.0,intrusion_portscan,attack,intrusion_port_scan,0.65,205.39607038462705,42.91103305504869,1503.6337406618077,223.54547510009618,0.009879277042741634,123.2394464846513,33.74958891865438
550.0,intrusion_portscan,attack,intrusion_port_scan,0.65,205.2176188144113,42.87732959344314,1492.6164319091406,200.9398590355695,0.013227824534234326,148.9156960531186,30.530108044819535
551.0,intrusion_portscan,attack,intrusion_port_scan,0.65,222.1387606714288,47.199100546899345,1580.8158624270247,202.95937722940636,0.009279413588833977,154.4582290886756,26.564081341978643
552.0,intrusion_portscan,attack,intrusion_port_scan,0.65,211.5017009596542,46.29487365471349,1567.3002863725644,177.96892276730372,0.0100653076082738,156.53768192311412,30.50549197154669
553.0,intrusion_portscan,attack,intrusion_port_scan,0.65,209.46837870061597,44.883777769818956,1538.7934957365337,213.6176188983203,0.013225244607724798,155.07123130564545,34.302558452970366
554.0,intrusion_portscan,attack,intrusion_port_scan,0.65,207.87646597970857,42.47032934909002,1610.1948921012809,215.9230717041058,0.008566161570512714,151.46792841491387,29.128765444006536
555.0,intrusion_portscan,attack,intrusion_port_scan,0.65,197.7168191390623,44.83297511338072,1623.798706398162,241.99202040963124,0.009228860494981112,159.9420614775304,30.996251141555685
556.0,intrusion_portscan,attack,intrusion_port_scan,0.65,205.9618562205296,42.86933768270378,1506.310120748485,231.1110707582924,0.008420436521615442,127.84304422425332,36.47985929267839
557.0,intrusion_portscan,attack,intrusion_port_scan,0.65,203.08543487739874,44.034984694268736,1644.1365035377191,213.84391793543475,0.007523761665803011,156.0678175358503,37.61649826552285
558.0,intrusion_portscan,attack,intrusion_port_scan,0.65,210.6725920844872,42.11065562834152,1612.7240618699223,211.87325439343226,0.014998524966884861,163.23745425370774,32.87008474467195
559.0,intrusion_portscan,attack,intrusion_port_scan,0.65,213.74231438605702,44.167725739306185,1625.2859099756959,223.8190662648343,0.015401673450993482,150.09155617559986,30.23181894685594
560.0,recovery,recovery,,0.0,373.5615603305012,21.518578125967416,932.4045639843827,9.234200689367619,0.0018863671077799726,0.0,10.137597629418732
561.0,recovery,recovery,,0.0,367.8276309034059,23.279168275471385,969.0748635189211,7.93817886115303,0.0021008366297212114,0.0,12.311554695423595
562.0,recovery,recovery,,0.0,364.32815245820177,23.46130215768302,944.1153295816697,6.572795833278114,0.0014744643297480474,0.0,11.136691871887486
563.0,recovery,recovery,,0.0,387.56903007970294,24.56319111131764,919.3105594276492,8.03172503430204,0.0017617140184837767,0.0,11.544027525746102
564.0,recovery,recovery,,0.0,346.84818375088025,24.650006769398782,916.5802896284938,8.396903180305749,0.001436575330339249,0.0,13.747011712317793
565.0,recovery,recovery,,0.0,370.2623529706225,26.77823600617794,920.3068317014211,9.260272580653949,0.0017942936007982451,0.0,12.180045059346767
566.0,recovery,recovery,,0.0,346.43302853665455,23.59313891866385,935.3932622622151,8.127917819802132,0.0022274778581666613,0.0,12.84388112511953
567.0,recovery,recovery,,0.0,368.98517711007213,25.80439600100839,1024.427981374549,7.396956436018083,0.0018072312552875323,0.0,11.978540523541911
568.0,recovery,recovery,,0.0,379.04741260515374,23.066368439990164,970.9523114949868,6.840668954827799,0.0019325006194344735,0.0,8.492836053563531
569.0,recovery,recovery,,0.0,359.7015978342781,25.115528979095853,907.4079418561682,7.365438380865211,0.002306495561411929,0.0,12.774771357875974
570.0,recovery,recovery,,0.0,397.0648072546458,25.2090100106829,948.1773929710088,7.471152312473496,0.001981940152723676,0.0,12.340947577107679
571.0,recovery,recovery,,0.0,365.2847303773902,28.260451495175957,975.7337108562077,8.105557389896429,0.0026935500836597734,0.0,9.548780084634366
572.0,recovery,recovery,,0.0,348.82771650516554,24.719263378461886,933.8099650193407,8.50483344923988,0.0019115024610664448,0.0,11.96151807607618
573.0,recovery,recovery,,0.0,364.4051942499938,25.17665535235437,914.1749251076191,9.052622009208658,0.0016034984599461192,0.0,12.161062510193766
574.0,recovery,recovery,,0.0,388.64568586005214,25.479629983222264,894.870268203748,9.082863860564416,0.003024770156769167,0.0,12.835747347752626
575.0,recovery,recovery,,0.0,355.6501566022942,22.643169638112077,973.6317485563953,9.14771580580735,0.0018201629066118183,0.0,9.94640308316253
576.0,recovery,recovery,,0.0,355.5583356801552,24.8428376033057,959.1324569179542,7.52955942239346,0.0015850762347193572,0.0,11.832113624841734
577.0,recovery,recovery,,0.0,382.4677269149265,23.04842541582115,939.800410570368,8.638389173662365,0.0025183964147068574,0.0,10.809878671526988
578.0,recovery,recovery,,0.0,363.84291697923936,25.0236822309341,943.2835451463009,9.016686277784206,0.0016874985221251564,0.0,12.643647444434402
579.0,recovery,recovery,,0.0,377.5225576420218,23.62940799457196,949.936848626597,7.557568996919814,0.0016617523091404767,0.0,10.51873618682136
580.0,recovery,recovery,,0.0,377.36921596365534,24.344728171498797,935.2821873476364,7.518004415184843,0.0016834086795058322,0.0,10.356431765092351
581.0,recovery,recovery,,0.0,364.38615329186837,24.656510770416258,938.8058430578347,8.390985977856367,0.0014963004407734966,0.0,13.299727522201241
582.0,recovery,recovery,,0.0,357.6790182471857,21.89288231125988,970.0987955932624,8.394223106387617,0.0018583710193762902,0.0,10.810996630080732
583.0,recovery,recovery,,0.0,383.16519550594074,25.658076150651002,961.7586892724506,7.258767798291451,0.0017077850889102894,0.0,11.258690016108899
584.0,recovery,recovery,,0.0,373.1833560243367,22.471940451323263,977.0687123568282,7.100460164029999,0.0025514653197454685,0.0,12.277231501188538
585.0,recovery,recovery,,0.0,393.32552233605287,24.691134528700474,883.9498572381092,8.402260426521067,0.0021046154758886043,0.0,11.344187613311252
586.0,recovery,recovery,,0.0,350.1961530723668,24.27835662740089,923.6249824839141,6.867380351034863,0.001796318701350386,0.0,12.047145701939085
587.0,recovery,recovery,,0.0,356.2138765874385,24.822133784276076,925.1541692669952,8.33016614008963,0.001611567558539155,0.0,12.63976010482836
588.0,recovery,recovery,,0.0,351.0785401860035,23.91853645983253,951.7213257767951,7.757359988231126,0.0024086044903558466,0.0,13.746131186327833
589.0,recovery,recovery,,0.0,366.0677602868982,24.984859696829346,961.8914100477269,8.527933643070607,0.0019963274414767826,0.0,13.029360874768848
590.0,recovery,recovery,,0.0,365.0899644341174,24.668487049569077,864.6706202799171,7.6682114363842055,0.003196816627008981,0.0,12.193535913098444
591.0,recovery,recovery,,0.0,386.0486578826,22.22674971442788,925.8576838668737,7.9875314995674875,0.002210787629536707,0.0,10.762601535511466
592.0,recovery,recovery,,0.0,382.61197536061115,24.808782658209346,983.965931969446,8.738465099732359,0.0025683555544355877,0.0,10.10368281017565
593.0,recovery,recovery,,0.0,354.8276345410699,23.85308994111365,962.600101876898,6.8674750080647105,0.002761554433719356,0.0,13.20378029813536
594.0,recovery,recovery,,0.0,367.5501920128687,24.800201075735615,987.455052076596,8.035278697061296,0.0020852473990998362,0.0,14.440460715740613
595.0,recovery,recovery,,0.0,359.133287487446,24.983250087061116,916.1778818395084,7.492403228607575,0.0024204989937165753,0.0,13.09862768324109
596.0,recovery,recovery,,0.0,364.2023268026892,25.490737129507355,942.9748877740047,9.082795523299128,0.0022375372786091444,0.0,13.263932779050648
597.0,recovery,recovery,,0.0,367.14794444289333,25.243601121455296,924.2380342264289,8.405268182473991,0.0017294380094683435,0.0,10.452640481751322
598.0,recovery,recovery,,0.0,360.77272605179957,25.208422745617984,947.4234356553061,8.666133430580365,0.0025027201356633364,0.0,9.891769419733057
599.0,recovery,recovery,,0.0,340.9818727997469,25.567697822061692,985.5265494608935,7.555896887729352,0.0024525719465706406,0.0,13.050797542818014
